timestamp,episode,steps,total_reward,avg_throughput,avg_latency,avg_collision_rate,avg_fairness
2026-08-26T18:37:10.873852,0,800,467.0689079828098,2.7359999999999998,8.514422222222223,0.0,0.6992723952423558
2026-08-26T18:37:19.475232,1,800,470.3604482064723,3.2303999999999995,9.1942,0.006666666666666666,0.6999787582577578
2026-08-26T18:37:25.431124,2,800,475.30182787436,2.9184,10.751333333333331,0.005,0.7147885262552711
2026-08-26T18:37:31.134657,3,800,470.39984930209897,3.3104,13.400355555555556,0.013333333333333332,0.6442551802844736
2026-08-26T18:37:37.672011,4,800,469.30993804359355,2.4495999999999998,10.492666666666667,0.004,0.7039905461078899
2026-08-26T18:38:00.942984,0,800,474.18397619811714,2.952,12.182911111111112,0.0,0.6683405952723865
2026-08-26T18:38:07.186828,1,800,470.8154255950323,3.0016,10.8836,0.005,0.695108171610415
2026-08-26T18:38:12.715442,2,800,466.53827531520056,2.6479999999999997,11.6784,0.005,0.7092234016273729
2026-08-26T18:38:17.979157,3,800,465.69304972030096,2.9408,9.811155555555557,0.0,0.7069033868755069
2026-08-26T18:38:24.849206,4,800,462.2337792142746,2.807999999999999,9.46362222222222,0.0,0.698179297097376
2026-08-26T18:38:44.388903,0,800,469.33978609449673,2.64,12.68137777777778,0.006666666666666666,0.6914380438072864
2026-08-26T18:38:50.017961,1,800,471.2350084193545,2.9584,12.946866666666665,0.006666666666666666,0.6609059278084257
2026-08-26T18:38:57.526501,2,800,471.54224057467945,1.9791999999999998,12.402133333333333,0.0,0.7335147823548912
2026-08-26T18:39:03.078560,3,800,467.3932438555633,2.4383999999999997,7.984666666666667,0.013333333333333332,0.7313544751594712
2026-08-26T18:39:09.857615,4,800,471.3631110041619,3.3072,12.510370370370369,0.01,0.6954432374644642
2026-08-26T18:39:27.425560,0,800,470.5425203850962,2.5839999999999996,10.390444444444444,0.01,0.7053422727951276
2026-08-26T18:39:32.862295,1,800,477.82820380829276,3.6319999999999992,10.681722222222222,0.013333333333333332,0.6988945978986113
2026-08-26T18:39:39.519920,2,800,467.1275690759223,3.7376,13.030511111111108,0.03233333333333333,0.6911596231296379
2026-08-26T18:39:44.725380,3,800,466.86417558453155,3.4879999999999995,8.878814814814815,0.015,0.7079350573793934
2026-08-26T18:39:50.937282,4,800,461.03362602472157,2.6128000000000005,10.183666666666667,0.01,0.7168156172914278
2026-08-26T18:40:08.900984,0,800,470.2888008314888,2.5152,11.205688888888888,0.003333333333333333,0.6865077939135618
2026-08-26T18:40:14.162496,1,800,461.30429029784324,2.4495999999999998,9.581666666666665,0.010666666666666666,0.7286100932176148
2026-08-26T18:40:20.311662,2,800,457.7104724973995,3.1408,12.792866666666663,0.01,0.6438972706047644
2026-08-26T18:40:26.073797,3,800,468.03038718580757,2.6463999999999994,9.544133333333335,0.0,0.6936192512612074
2026-08-26T18:40:31.307543,4,800,475.6466189647815,3.568,12.100622222222222,0.024,0.6502055017376684
2026-08-26T18:40:50.258104,0,800,463.1456266376484,2.1296,12.95151111111111,0.015,0.7275747408464815
2026-08-26T18:40:56.058684,1,800,468.9713506217079,2.6719999999999993,11.893866666666668,0.006666666666666666,0.7088739412431838
2026-08-26T18:41:01.432293,2,800,475.0980633663139,2.6527999999999996,10.903533333333332,0.005,0.684085414987913
2026-08-26T18:41:08.061315,3,800,467.3937661545872,2.2576,11.074333333333334,0.005,0.7122394971831792
2026-08-26T18:41:13.291070,4,800,471.637204251687,3.3407999999999993,11.578088888888892,0.0,0.6669400607450565
2026-08-26T18:41:30.413245,0,800,469.3476633843834,2.1152,11.530111111111111,0.0,0.7442334898567744
2026-08-26T18:41:37.094853,1,800,470.022365911994,2.5231999999999997,10.552922222222223,0.005,0.7196801081224014
2026-08-26T18:41:42.540722,2,800,481.5337913121138,2.1808,9.661622222222222,0.0,0.7202244236911685
2026-08-26T18:41:48.538507,3,800,465.69520031662415,2.7343999999999995,12.013222222222224,0.01,0.7007270148835548
2026-08-26T18:41:54.242580,4,800,468.7146801041936,2.8207999999999993,13.975444444444445,0.0,0.6896944540636967
2026-08-26T18:42:12.049283,0,800,469.15007492629644,2.984,10.542831111111111,0.0016666666666666666,0.7167119998445434
2026-08-26T18:42:17.827600,1,800,463.8030416185291,3.2464,9.556933333333333,0.0,0.6706101820424035
2026-08-26T18:42:23.761058,2,800,471.0681736282152,3.0111999999999988,14.679022222222223,0.016666666666666666,0.6826536755561733
2026-08-26T18:42:28.897867,3,800,457.71843666270394,2.5023999999999997,12.733866666666668,0.0,0.7143343458502137
2026-08-26T18:42:35.457441,4,800,470.37889254089873,2.2352,15.004733333333336,0.0,0.7058974358974358
2026-08-26T18:42:52.603664,0,800,464.64362692926835,2.4207999999999994,9.912822222222223,0.006666666666666666,0.7249502729304802
2026-08-26T18:42:57.832621,1,800,464.4661656802864,3.048,14.97802222222222,0.01,0.7388870436855983
2026-08-26T18:43:04.476316,2,800,474.4507150071228,2.5151999999999997,10.769222222222224,0.0,0.704788526255271
2026-08-26T18:43:09.548746,3,800,467.08890156484057,2.4335999999999998,12.974377777777777,0.006666666666666666,0.7190079191719113
2026-08-26T18:43:14.792923,4,800,470.7403519428301,3.1391999999999998,9.006244444444444,0.01,0.6693376656205465
2026-08-26T18:43:33.867807,0,800,466.6634606918279,3.1919999999999993,13.473011111111111,0.0,0.6921188003126266
2026-08-26T18:43:39.182616,1,800,468.75889269502136,3.2656,15.93368888888889,0.005833333333333333,0.671768143422314
2026-08-26T18:43:44.394198,2,800,463.74718708715545,2.9760000000000004,13.886866666666664,0.0,0.7147726930951841
2026-08-26T18:43:50.804157,3,800,465.2289624098721,1.9711999999999998,10.650177777777776,0.02,0.740371062651869
2026-08-26T18:43:55.900361,4,800,464.424294307407,2.6864,11.947348148148146,0.0,0.7181118329256784
2026-08-26T18:44:42.103530,0,800,467.68745372048494,2.6624,10.403866666666667,0.006666666666666666,0.7344370896724279
2026-08-26T18:44:48.753790,1,800,471.77919850785656,2.6735999999999995,12.611244444444445,0.013333333333333332,0.7201979552344805
2026-08-26T18:44:53.902119,2,800,474.5111278774788,2.7055999999999996,10.214748148148148,0.009000000000000001,0.7110761326817864
2026-08-26T18:44:59.669352,3,800,470.9403210491715,2.7215999999999996,10.930977777777777,0.016666666666666666,0.7075482723897936
2026-08-26T18:45:06.031484,4,800,462.81687892577094,2.3328,7.393748148148148,0.01,0.7292664763894969
2026-08-26T18:45:23.480560,0,800,465.14964702887414,1.6703999999999999,7.611533333333334,0.0,0.7777386942145048
2026-08-26T18:45:29.183015,1,800,472.14846241662553,2.5136,12.732200000000002,0.0,0.7386559433909808
2026-08-26T18:45:35.447136,2,800,468.3386898232523,2.3551999999999995,15.70468148148148,0.016666666666666666,0.7264648192439513
2026-08-26T18:45:40.749880,3,800,453.1822394833166,2.0816000000000003,10.192955555555555,0.013333333333333332,0.7094528812578771
2026-08-26T18:45:47.366356,4,800,468.8030352795334,3.4303999999999997,13.854688888888889,0.01833333333333333,0.6513569886019935
2026-08-26T18:46:05.075984,0,800,455.3838619084138,1.7072,10.54282222222222,0.013333333333333332,0.7482392611417589
2026-08-26T18:46:10.311699,1,800,458.7072019858476,2.5072,12.499666666666666,0.005,0.7134583202335673
2026-08-26T18:46:16.864367,2,800,468.3481881481601,2.8207999999999998,13.912022222222221,0.006666666666666666,0.7075406079098506
2026-08-26T18:46:22.045359,3,800,472.28419817979176,3.424,16.74231111111111,0.0,0.6656567029636853
2026-08-26T18:46:27.596004,4,800,463.0280489382323,3.2288,13.056059259259259,0.02,0.6648997940036813
2026-08-26T18:46:46.485413,0,800,463.9506664632338,2.4624,12.620066666666666,0.01,0.702421937256744
2026-08-26T18:46:51.688889,1,800,466.59161348720795,2.4943999999999997,10.025533333333334,0.0,0.6953667282382143
2026-08-26T18:46:57.330317,2,800,476.21098120925586,2.2576,8.611888888888892,0.006666666666666666,0.7496942887710253
2026-08-26T18:47:03.693499,3,800,458.4734308243457,2.64,13.238266666666668,0.011666666666666665,0.7171939868349151
2026-08-26T18:47:08.793449,4,800,468.7067182857639,1.9647999999999999,11.378244444444444,0.016666666666666666,0.7387372442039889
2026-08-26T18:47:26.081917,0,800,454.48130203341793,2.8560000000000003,8.841437037037037,0.0,0.7022862093359015
2026-08-26T18:47:32.540021,1,800,463.2167388800887,2.3583999999999996,8.995800000000001,0.0,0.7138288394388311
2026-08-26T18:47:37.684526,2,800,466.7657892344807,3.4703999999999997,12.425133333333333,0.01,0.6620169838219796
2026-08-26T18:47:43.915209,3,800,469.0909310779084,2.8096000000000005,13.004111111111113,0.013333333333333332,0.6740953911319163
2026-08-26T18:47:49.338114,4,800,458.4698340535169,3.1023999999999994,12.25548888888889,0.013333333333333332,0.7034015992065952
2026-08-26T18:48:07.007299,0,800,477.59830892933496,3.7376,12.408466666666667,0.0,0.6896366041455115
2026-08-26T18:48:13.230063,1,800,470.35584312634813,2.3535999999999997,10.87548888888889,0.03333333333333333,0.7510741739192273
2026-08-26T18:48:18.887059,2,800,473.3687258615192,2.6127999999999996,13.065755555555556,0.006666666666666666,0.6998118556168516
2026-08-26T18:48:24.226691,3,800,462.2795119481678,2.528,12.724199999999998,0.0,0.7287200950893378
2026-08-26T18:48:30.863217,4,800,466.14381701851977,2.3312000000000004,12.628355555555556,0.009166666666666667,0.7027372403450041
2026-08-26T18:48:48.054253,0,800,459.8682437426928,2.696,12.239577777777777,0.0,0.7061116302681699
2026-08-26T18:48:53.271235,1,800,471.9873637851665,2.6112,9.639288888888888,0.011666666666666665,0.694762057798583
2026-08-26T18:49:00.002572,2,800,461.15895132882133,2.1744,12.85191111111111,0.01,0.7480441090806343
2026-08-26T18:49:05.239785,3,800,463.38864427682074,2.6368,11.813066666666668,0.0075,0.67465397172848
2026-08-26T18:49:10.962352,4,800,461.2752538584923,3.8736,11.45723703703704,0.01,0.6921240702095324
2026-08-26T18:49:28.784042,0,800,459.999326487549,2.28,9.135266666666668,0.015,0.708847472786496
2026-08-26T18:49:34.055544,1,800,478.6331230535898,3.580799999999999,12.351566666666665,0.016,0.7020431448798766
2026-08-26T18:49:39.525972,2,800,475.5984807248699,2.3296,10.121755555555556,0.006666666666666666,0.759783647877308
2026-08-26T18:49:45.808772,3,800,453.4927199496183,1.5696,10.631822222222219,0.011666666666666665,0.7594528812578771
2026-08-26T18:49:50.936154,4,800,462.4180784728048,2.3392,8.478103703703704,0.016666666666666666,0.7392896811512591
2026-08-26T18:50:09.008490,0,800,468.82229017687956,2.9888,9.674703703703704,0.009166666666666667,0.6918584156345049
2026-08-26T18:50:15.433802,1,800,474.1344859562346,3.2832,13.198044444444447,0.0,0.6808591037925933
2026-08-26T18:50:20.634079,2,800,466.92142793826685,3.1104,10.775866666666666,0.011666666666666665,0.6913418474432013
2026-08-26T18:50:27.314419,3,800,459.9133214012798,2.064,10.835644444444444,0.0,0.6947914604988005
2026-08-26T18:50:32.569140,4,800,467.09943217452786,2.376,9.803948148148148,0.005,0.7233507911888839
2026-08-26T18:50:49.908197,0,800,460.4691868543536,3.3007999999999997,13.665511111111112,0.006666666666666666,0.6681801908429439
2026-08-26T18:50:56.469765,1,800,469.984563074599,2.891199999999999,10.343666666666667,0.0,0.6912537116341355
2026-08-26T18:51:01.911326,2,800,462.3150629986887,2.3152,8.467533333333334,0.016666666666666666,0.7289415664955543
2026-08-26T18:51:07.193425,3,800,468.5988242321676,2.6784,9.116888888888889,0.005,0.7233486579956019
2026-08-26T18:51:13.689759,4,800,457.3291232732184,2.4752,12.129377777777776,0.01,0.7004664400792929
2026-08-26T18:52:00.115801,0,800,475.4223543511237,2.5392,10.562244444444445,0.005,0.7453867617560044
2026-08-26T18:52:05.419606,1,800,468.5382264218979,2.7344,14.249777777777778,0.0,0.7133697779340246
2026-08-26T18:52:12.154866,2,800,471.61938729751114,3.0959999999999996,13.671311111111113,0.006666666666666666,0.6822755404497791
2026-08-26T18:52:17.499649,3,800,467.10616902361903,2.3328,13.387800000000002,0.016666666666666666,0.704358809066303
2026-08-26T18:52:23.537559,4,800,459.0995619059675,2.3663999999999996,10.94897777777778,0.015,0.7193871630900959
2026-08-26T18:52:41.811266,0,800,463.7397391880015,2.2576,10.264000000000001,0.01,0.7396679856070087
2026-08-26T18:52:47.157329,1,800,465.186564773573,2.6304,10.333966666666667,0.003333333333333333,0.6989142211677154
2026-08-26T18:52:53.457161,2,800,459.5632881064003,2.3392000000000004,11.574955555555555,0.005833333333333333,0.6949771621477148
2026-08-26T18:52:59.117279,3,800,457.0120175775367,3.0735999999999994,14.728377777777775,0.021666666666666664,0.6547157187973731
2026-08-26T18:53:04.347199,4,800,467.26399336916467,2.7631999999999994,9.21431111111111,0.008333333333333333,0.6964215765071278
2026-08-26T18:53:22.554799,0,800,467.54186328955234,3.364799999999999,12.599066666666666,0.016666666666666666,0.6866704461737589
2026-08-26T18:53:28.304418,1,800,456.3958297346319,2.7519999999999993,10.733600000000001,0.0,0.684162116399293
2026-08-26T18:53:33.563463,2,800,469.8933589390261,3.4976000000000003,10.842533333333334,0.0,0.6733015828095117
2026-08-26T18:53:40.160140,3,800,466.4240586628288,2.700799999999999,10.221711111111112,0.0,0.6824713493128703
2026-08-26T18:53:45.523816,4,800,472.849775179436,2.8783999999999996,15.157644444444445,0.01,0.672324676129672
2026-08-26T18:54:02.865388,0,800,474.28449749686337,2.1824,13.528066666666666,0.015,0.7052769904602948
2026-08-26T18:54:09.928417,1,800,458.4642883210402,2.1151999999999997,9.220866666666668,0.0,0.7141809163149435
2026-08-26T18:54:15.397793,2,800,456.3203374577133,2.5759999999999996,15.995237037037038,0.006666666666666666,0.6934100347447135
2026-08-26T18:54:21.391158,3,800,471.61467127258487,3.4799999999999995,11.8397,0.006666666666666666,0.6564088563172034
2026-08-26T18:54:27.393944,4,800,473.68357841948523,2.9136,9.84217777777778,0.01,0.7164100911175852
2026-08-26T18:54:45.527781,0,800,472.5955595276685,2.2192,9.223666666666666,0.01,0.7556603905401004
2026-08-26T18:54:51.806844,1,800,464.79755518527713,2.7568,15.011444444444447,0.0,0.6675257704592599
2026-08-26T18:54:58.086371,2,800,454.92220327031845,2.3312,9.787733333333334,0.0,0.6947801832469709
2026-08-26T18:55:04.338958,3,800,462.7289844272996,3.0224,11.859622222222225,0.005,0.6751817042996251
2026-08-26T18:55:11.140948,4,800,477.1038991163441,2.6991999999999994,10.946755555555555,0.0,0.6871061604844689
2026-08-26T18:55:28.568986,0,800,468.24126226479393,1.6512,8.078355555555556,0.0,0.7888355973072598
2026-08-26T18:55:34.261197,1,800,462.1431558289789,2.2592,10.6994,0.0,0.7077408405858938
2026-08-26T18:55:40.658538,2,800,474.1905623296486,3.0239999999999996,10.578703703703704,0.025,0.7036465809512746
2026-08-26T18:55:45.937968,3,800,468.6246905720089,3.0463999999999993,10.090866666666667,0.005,0.7092467860064494
2026-08-26T18:55:52.858624,4,800,462.2058972752024,2.5727999999999995,10.84979259259259,0.025666666666666664,0.7532844065751939
2026-08-26T18:56:10.750659,0,800,471.19819792368935,3.7199999999999993,13.619866666666667,0.005,0.7079924561091961
2026-08-26T18:56:16.155197,1,800,461.6872752933257,3.3439999999999994,11.645577777777778,0.013999999999999999,0.678373526270436
2026-08-26T18:56:23.112853,2,800,471.8754257697965,3.4352,10.372711111111112,0.01,0.6888532234718615
2026-08-26T18:56:28.484037,3,800,461.2037403774785,2.9808,8.820822222222223,0.01,0.7114946396779311
2026-08-26T18:56:34.537670,4,800,464.5245591455189,2.5199999999999996,13.505688888888887,0.01,0.7358974358974357
2026-08-26T18:56:52.406786,0,800,472.93110522830835,2.9696,10.702311111111111,0.028333333333333332,0.7213143088218721
2026-08-26T18:56:57.793142,1,800,471.0266552981623,3.012800000000001,10.306355555555555,0.0,0.7204641943491642
2026-08-26T18:57:03.777048,2,800,460.187586259654,3.6976000000000004,10.862014814814815,0.005833333333333333,0.6766671407002376
2026-08-26T18:57:09.764981,3,800,461.09989647839694,2.5855999999999995,7.999155555555555,0.015,0.77237389355305
2026-08-26T18:57:15.087520,4,800,457.5891676433012,2.0752,16.773133333333334,0.005,0.7407349325399284
2026-08-26T18:57:32.843964,0,800,467.13133386124946,2.6143999999999994,12.95911111111111,0.0,0.7303990079894304
2026-08-26T18:57:39.030967,1,800,461.69121991211676,1.9584000000000001,8.403844444444443,0.006666666666666666,0.74353829624579
2026-08-26T18:57:44.298054,2,800,452.11805196981237,2.3487999999999998,8.687066666666666,0.011666666666666665,0.7117471787733544
2026-08-26T18:57:50.929126,3,800,462.3117761643893,3.3615999999999997,12.043822222222223,0.005,0.6873273284445619
2026-08-26T18:57:56.121238,4,800,462.2177725375559,2.2512,10.391733333333335,0.005,0.7160269599659831
2026-08-26T18:58:13.928020,0,800,466.0876654937462,3.3711999999999995,9.409355555555555,0.01,0.6652892440458612
2026-08-26T18:58:20.714171,1,800,473.0554148251942,4.3024,13.142203703703704,0.006666666666666666,0.6604946508695001
2026-08-26T18:58:26.060885,2,800,464.51674879877214,2.4448,9.848911111111113,0.018333333333333333,0.7100507093122035
2026-08-26T18:58:31.663043,3,800,465.0117377122144,2.6079999999999997,9.624755555555556,0.005,0.7350849245632638
2026-08-26T18:58:37.857662,4,800,474.81743256554364,3.6239999999999997,16.32365925925926,0.0125,0.6632570331926706
2026-08-26T18:59:25.018087,0,800,465.0903281886586,3.5471999999999997,12.0538,0.0,0.7328406386995628
2026-08-26T18:59:31.084477,1,800,467.2668137979886,3.5328,8.812992592592591,0.005,0.7130503222881401
2026-08-26T18:59:37.281185,2,800,468.61105610747296,2.7136,11.753555555555556,0.005,0.711313299815543
2026-08-26T18:59:42.559764,3,800,468.5131626429386,2.392,10.032844444444443,0.0,0.6941708299758258
2026-08-26T18:59:49.183131,4,800,464.05751589018195,2.3808,12.549444444444445,0.003333333333333333,0.7279461558170245
2026-08-26T19:00:07.901153,0,800,458.6285024116071,2.2495999999999996,11.514155555555556,0.026666666666666665,0.7203005193370445
2026-08-26T19:00:13.410543,1,800,460.7435579678481,1.9487999999999999,9.069717777777777,0.0,0.7256516516516516
2026-08-26T19:00:20.316748,2,800,477.3736288342927,2.4576,9.01134074074074,0.01,0.7507967630457957
2026-08-26T19:00:25.590331,3,800,465.2291285743069,2.8928,9.045533333333333,0.01,0.745995563390298
2026-08-26T19:00:32.120577,4,800,474.6779870985468,2.7744,9.331066666666668,0.0,0.690334486981004
2026-08-26T19:00:50.275551,0,800,467.70257751668237,2.9151999999999987,10.957333333333333,0.01,0.633548437682465
2026-08-26T19:00:55.883870,1,800,461.1293331334711,2.6288,12.726103703703705,0.019166666666666665,0.720930985567949
2026-08-26T19:01:02.984312,2,800,464.62255132695515,2.1344,9.482911111111111,0.0225,0.7801342644483797
2026-08-26T19:01:08.642556,3,800,461.9232220840354,2.7327999999999992,14.199555555555555,0.0,0.6920074928568158
2026-08-26T19:01:14.594551,4,800,466.6031255114662,2.9248000000000003,10.671399999999998,0.011666666666666665,0.7175676989460075
2026-08-26T19:01:32.996511,0,800,472.747391056739,2.5359999999999996,11.466355555555559,0.0,0.7021393174441549
2026-08-26T19:01:38.310166,1,800,472.71082301359485,2.9663999999999993,12.736155555555555,0.006666666666666666,0.7098675957035832
2026-08-26T19:01:44.229353,2,800,459.56716986167385,1.8624,9.810777777777778,0.0,0.7477311347058084
2026-08-26T19:01:50.188424,3,800,477.355956304577,2.3520000000000003,10.510555555555554,0.0,0.722952314330623
2026-08-26T19:01:55.509507,4,800,463.91768009342235,2.2672,11.589800000000002,0.005,0.763056889559133
2026-08-26T19:02:14.664150,0,800,464.6401248853161,2.8191999999999995,10.649355555555555,0.004,0.7089924772073624
2026-08-26T19:02:20.357850,1,800,460.6228234002831,2.24,11.813022222222223,0.0,0.6789913427963385
2026-08-26T19:02:25.601937,2,800,469.7724684463594,2.678399999999999,13.249688888888889,0.003333333333333333,0.6981047104739531
2026-08-26T19:02:32.186943,3,800,464.66035934188056,2.5488,14.695822222222223,0.015,0.7124099258249136
2026-08-26T19:02:37.493678,4,800,468.86941686693854,3.0463999999999998,13.985066666666668,0.009166666666666667,0.652800348739372
2026-08-26T19:02:55.356018,0,800,470.2241794528525,2.6624,13.451488888888889,0.010666666666666666,0.7153649041382706
2026-08-26T19:03:01.900675,1,800,469.34232398124686,2.6767999999999996,15.8174,0.003333333333333333,0.7024594738336344
2026-08-26T19:03:07.259361,2,800,461.5427452317227,2.5216000000000003,7.705911111111111,0.003333333333333333,0.7117748382770815
2026-08-26T19:03:13.780124,3,800,471.3098828496579,3.1231999999999998,11.066570370370371,0.0,0.668763669818664
2026-08-26T19:03:18.928495,4,800,471.15160200001,2.5696000000000003,10.179555555555556,0.01,0.7376461613535013
2026-08-26T19:03:36.341399,0,800,472.7924635122049,2.9119999999999995,11.169255555555553,0.016666666666666666,0.690928170683151
2026-08-26T19:03:42.902957,1,800,462.8570435636373,2.8752,10.57677037037037,0.0075,0.713610447922246
2026-08-26T19:03:48.070392,2,800,462.120700079099,2.7407999999999992,10.4975,0.01,0.7124580183131393
2026-08-26T19:03:53.450930,3,800,462.6148466661895,2.2576,14.133281481481482,0.0,0.7197818806843784
2026-08-26T19:03:59.646786,4,800,462.2918730322402,2.8528,16.92588888888889,0.006666666666666666,0.636937341634589
2026-08-26T19:04:16.745879,0,800,462.1465433467199,2.4751999999999996,10.920037037037039,0.003333333333333333,0.7203706960882603
2026-08-26T19:04:22.196865,1,800,466.84168748750386,2.0816,8.189644444444443,0.01,0.7873257007871647
2026-08-26T19:04:28.526373,2,800,472.07136777371505,2.580799999999999,11.466866666666668,0.005,0.6888739412431839
2026-08-26T19:04:33.741392,3,800,460.4314399446774,3.353599999999999,16.185155555555557,0.010666666666666666,0.6557292438022942
2026-08-26T19:04:40.208308,4,800,463.76167920801885,2.2912,13.7394,0.005,0.6987862145912104
2026-08-26T19:04:57.838789,0,800,466.50090170722115,3.2384,10.578355555555556,0.0025,0.6503089659087111
2026-08-26T19:05:03.160413,1,800,465.6507067012723,2.9216,13.823644444444444,0.005,0.6968716295791235
2026-08-26T19:05:09.674113,2,800,464.6337242299721,2.7391999999999994,14.430733333333333,0.01,0.7345095142516306
2026-08-26T19:05:14.842920,3,800,459.5643886663252,2.752,9.288400000000001,0.0,0.6823249121710923
2026-08-26T19:05:20.375126,4,800,472.32021022641493,2.8511999999999995,10.924262222222223,0.0,0.6762865286557712
2026-08-26T19:05:39.029832,0,800,462.1711128608577,2.7263999999999995,11.843066666666665,0.0,0.7160854149879128
2026-08-26T19:05:44.331620,1,800,456.7251201690217,2.5872,12.005659259259259,0.01,0.7518284550729776
2026-08-26T19:05:50.039222,2,800,468.16236167563983,2.4175999999999997,9.010066666666667,0.0,0.6956555710951332
2026-08-26T19:05:55.959249,3,800,464.7622975218726,3.515199999999999,11.789644444444443,0.011666666666666665,0.6666127809548411
2026-08-26T19:06:01.198818,4,800,457.15348423906033,2.5616,11.668688888888887,0.002,0.7045047985990908
2026-08-26T19:06:48.954831,0,800,463.67816188458295,2.5200000000000005,9.803777777777778,0.0,0.7067349325399284
2026-08-26T19:06:54.603716,1,800,471.4559790970052,3.2047999999999996,12.105592592592592,0.01,0.7188103417733451
2026-08-26T19:06:59.774327,2,800,472.3026039317693,3.0671999999999993,11.288355555555555,0.019,0.679655425597981
2026-08-26T19:07:06.362407,3,800,468.80574243971097,2.9279999999999995,11.48791111111111,0.013333333333333332,0.7068290766000693
2026-08-26T19:07:11.570417,4,800,468.9706442141951,3.0911999999999993,10.113066666666667,0.013333333333333332,0.6944921839337076
2026-08-26T19:07:29.238821,0,800,461.9217244324553,2.1632,9.920866666666667,0.006666666666666666,0.7351280398355337
2026-08-26T19:07:35.804113,1,800,462.16460305049173,2.8975999999999997,12.394244444444444,0.006666666666666666,0.6708736880667533
2026-08-26T19:07:41.073062,2,800,473.364850682834,2.3248,10.233259259259258,0.01,0.7250315996070275
2026-08-26T19:07:47.290331,3,800,473.4448913281492,3.2847999999999997,8.847800000000001,0.006666666666666666,0.7040019810787177
2026-08-26T19:07:52.851178,4,800,467.9825774656677,2.3087999999999997,10.845866666666666,0.01,0.7098896559652117
2026-08-26T19:08:09.991336,0,800,471.83444247765465,3.2096000000000005,8.445622222222223,0.006666666666666666,0.6972203569836953
2026-08-26T19:08:16.385032,1,800,461.9812458002057,3.528,10.445437037037037,0.0,0.7222332711976701
2026-08-26T19:08:21.885833,2,800,458.7316241132433,2.1119999999999997,9.22428888888889,0.011666666666666665,0.6968716295791233
2026-08-26T19:08:27.036485,3,800,459.1236995474057,2.7152,10.722733333333332,0.0,0.6998261203283636
2026-08-26T19:08:33.560179,4,800,458.86737796749384,2.0496,8.154200000000001,0.0,0.752966121324446
2026-08-26T19:08:51.034326,0,800,460.8380428706146,2.6848,9.589066666666668,0.006666666666666666,0.7043420612857433
2026-08-26T19:08:56.459702,1,800,463.5223173513385,2.944,10.765488888888889,0.003333333333333333,0.7143530297332997
2026-08-26T19:09:02.985619,2,800,466.1907387536994,2.7664,12.203933333333332,0.02,0.7303626480201487
2026-08-26T19:09:08.105610,3,800,458.79176047637793,2.7472,11.228533333333333,0.005,0.6724736267544335
2026-08-26T19:09:14.373081,4,800,465.46075296515875,2.1712000000000002,14.364244444444443,0.013333333333333332,0.733653279226592
2026-08-26T19:09:32.374910,0,800,459.88190585272383,2.5456,14.109733333333331,0.0,0.6731623380648359
2026-08-26T19:09:37.709683,1,800,472.0231651592614,2.288,9.835977777777778,0.0,0.7175725944750923
2026-08-26T19:09:44.225730,2,800,466.3549626538144,2.5103999999999997,11.273170370370371,0.006666666666666666,0.6839374342723797
2026-08-26T19:09:49.322271,3,800,469.03536451257577,2.7184,11.268888888888888,0.005,0.7283355716715909
2026-08-26T19:09:54.940202,4,800,458.4013432525033,2.5423999999999998,12.218622222222223,0.0,0.7394449636015036
2026-08-26T19:10:13.473305,0,800,477.26049092352815,3.1231999999999998,11.511311111111112,0.0,0.6961609378947106
2026-08-26T19:10:18.843737,1,800,468.43801460455,2.8848000000000003,9.649511111111112,0.0025,0.6812645708178929
2026-08-26T19:10:24.734537,2,800,460.02669153394123,2.1375999999999995,9.367059259259259,0.006666666666666666,0.7291150008133177
2026-08-26T19:10:30.736000,3,800,463.74158989175794,2.9695999999999994,8.364681481481481,0.008,0.6851630836445577
2026-08-26T19:10:35.924805,4,800,456.500399365724,2.0528,16.55431111111111,0.0,0.7433333333333332
2026-08-26T19:10:53.811806,0,800,459.13145872541395,2.7727999999999997,10.232444444444445,0.006666666666666666,0.7324248663296467
2026-08-26T19:10:59.793673,1,800,466.8686600620649,2.6464,13.739333333333331,0.003333333333333333,0.6527107757473009
2026-08-26T19:11:05.138747,2,800,466.0463750833901,3.3167999999999993,12.361466666666667,0.01,0.648550542479216
2026-08-26T19:11:11.750323,3,800,463.8498005072529,3.4095999999999997,10.41618888888889,0.004,0.7029897989713063
2026-08-26T19:11:16.947335,4,800,462.77001643227385,2.9632,12.482244444444444,0.01,0.6966216049667113
2026-08-26T19:11:34.385959,0,800,462.6342518555816,2.0208,9.59168888888889,0.0,0.7206647673314339
2026-08-26T19:11:41.022442,1,800,468.216561103989,2.2624,11.086644444444445,0.015666666666666666,0.7229717751093345
2026-08-26T19:11:46.219202,2,800,468.9291845487337,2.7647999999999997,11.598170370370369,0.008333333333333333,0.7046193773268713
2026-08-26T19:11:52.126577,3,800,480.917014803656,2.8592,12.967622222222223,0.01,0.6623246761296719
2026-08-26T19:11:57.892258,4,800,470.9119975112203,2.5296,9.910599999999999,0.02,0.7281536808611747
2026-08-26T19:12:14.927659,0,800,460.9577027999738,3.1519999999999997,11.28368888888889,0.0,0.6741166635214048
2026-08-26T19:12:20.759864,1,800,467.67596724792844,2.4128,9.28031111111111,0.0,0.7051278745428624
2026-08-26T19:12:26.769733,2,800,457.5821407894391,2.0511999999999997,9.99868888888889,0.01,0.7295213124238102
2026-08-26T19:12:32.140815,3,800,462.56436080756947,2.3456,7.757000000000001,0.006666666666666666,0.7692171086614448
2026-08-26T19:12:38.700750,4,800,465.36744067711135,3.2831999999999995,9.816014814814816,0.01,0.6911898159125639
2026-08-26T19:12:55.749148,0,800,474.2676486963647,2.8879999999999995,9.486933333333333,0.01,0.7020653814701228
2026-08-26T19:13:00.991933,1,800,472.8244069630855,2.8544,9.925214814814815,0.01,0.6911468606747477
2026-08-26T19:13:07.504435,2,800,466.967252466126,3.5759999999999996,12.711533333333332,0.026666666666666665,0.692356966347395
2026-08-26T19:13:12.930024,3,800,465.62060558440436,1.6256,10.472777777777779,0.0,0.7574115753505986
2026-08-26T19:13:18.699438,4,800,464.5112548191799,2.0416000000000003,7.951348148148147,0.0,0.7365936378178428
2026-08-26T19:14:06.168792,0,800,465.68252144365573,2.4,14.616777777777777,0.005,0.738932887774409
2026-08-26T19:14:11.340185,1,800,463.4833124288653,2.3648,9.647511111111111,0.01,0.7162926895644302
2026-08-26T19:14:17.600765,2,800,469.9598802618341,3.015999999999999,11.580511111111111,0.0,0.6598702294089981
2026-08-26T19:14:23.043305,3,800,461.67379598113047,1.6591999999999998,8.671933333333333,0.005,0.7065367705804587
2026-08-26T19:14:28.257440,4,800,472.9144247787843,3.5263999999999998,11.889744444444446,0.006666666666666666,0.6943423355650518
2026-08-26T19:14:46.603179,0,800,464.51353669427226,2.7039999999999997,12.077422222222221,0.011666666666666665,0.646796190735214
2026-08-26T19:14:52.256024,1,800,465.1304933268163,3.6271999999999998,11.117822222222223,0.016666666666666666,0.6598890948797712
2026-08-26T19:14:57.440003,2,800,467.5704628076282,2.5023999999999997,13.052555555555555,0.0,0.7267364340667344
2026-08-26T19:15:04.167152,3,800,471.6380444086287,2.5104,11.594288888888888,0.007333333333333334,0.6993437492884098
2026-08-26T19:15:09.454787,4,800,469.8237555038401,2.6735999999999995,9.247800000000002,0.0,0.7261017503427398
2026-08-26T19:15:27.369546,0,800,454.3434480002854,2.224,9.65457037037037,0.0,0.7746311589693359
2026-08-26T19:15:34.245074,1,800,475.4469067339105,3.6335999999999995,12.312622222222222,0.006666666666666666,0.6771509605895677
2026-08-26T19:15:39.835971,2,800,468.4933992542169,2.0752,9.80171111111111,0.0,0.7236431720124148
2026-08-26T19:15:46.455068,3,800,463.419534338377,2.448,8.850111111111111,0.0,0.6626202999376318
2026-08-26T19:15:51.725767,4,800,468.6198913112334,2.5199999999999996,10.582066666666668,0.0,0.6844613731688669
2026-08-26T19:16:09.353894,0,800,466.35809183999913,2.8591999999999995,14.025644444444445,0.005,0.7001581388966244
2026-08-26T19:16:16.360764,1,800,462.9912233450059,2.224,9.081355555555557,0.021666666666666664,0.722710775747301
2026-08-26T19:16:21.621163,2,800,470.3384739369454,2.9712,13.260244444444446,0.0,0.6714212960267267
2026-08-26T19:16:27.616405,3,800,465.0993494519735,2.6912000000000003,9.512000000000002,0.005,0.7279634994442458
2026-08-26T19:16:33.411203,4,800,463.5025220137201,3.1856,12.648200000000001,0.008333333333333333,0.6714358028919747
2026-08-26T19:16:50.699378,0,800,468.3195189468861,3.1519999999999992,13.438777777777778,0.0,0.695809136506384
2026-08-26T19:16:57.094688,1,800,464.69928406003874,2.2672,10.559422222222222,0.0,0.7561659686692388
2026-08-26T19:17:03.082092,2,800,469.6663341077157,1.9824000000000002,8.27865925925926,0.0,0.7198914110326012
2026-08-26T19:17:08.342416,3,800,466.7148703049591,3.0784,17.269977777777775,0.004,0.6862561182599272
2026-08-26T19:17:14.985418,4,800,460.791460919214,2.7712,9.203111111111111,0.004,0.7178011010599353
2026-08-26T19:17:33.031190,0,800,466.96238699250597,3.087999999999999,11.702814814814815,0.016666666666666666,0.711923091298954
2026-08-26T19:17:38.653906,1,800,466.1192838994563,2.3104,11.62423703703704,0.004,0.7048058220567153
2026-08-26T19:17:45.061699,2,800,457.05821951645447,2.875199999999999,13.680155555555555,0.005,0.719521970535028
2026-08-26T19:17:50.280815,3,800,462.398226251262,3.2624,15.74831111111111,0.025,0.6488303432444888
2026-08-26T19:17:56.974451,4,800,467.8698851432179,2.3616,10.427414814814815,0.011666666666666665,0.6997158162800631
2026-08-26T19:18:14.153321,0,800,460.06707293531827,2.5391999999999997,13.477511111111111,0.005,0.7863064623357556
2026-08-26T19:18:19.460319,1,800,472.68833271543673,2.92,12.399777777777778,0.006666666666666666,0.7415825706190959
2026-08-26T19:18:26.058206,2,800,469.6231953612787,2.2112,10.852029629629628,0.009166666666666667,0.7175983597123146
2026-08-26T19:18:31.246527,3,800,468.1417995223955,2.8191999999999995,9.485577777777777,0.016666666666666666,0.7437436604923385
2026-08-26T19:18:36.802608,4,800,463.08215270262446,3.3184000000000005,11.167666666666667,0.005,0.6518734764657337
2026-08-26T19:18:54.745257,0,800,460.83190978276247,2.4784,12.283422222222223,0.008333333333333333,0.6652604748745488
2026-08-26T19:19:00.016980,1,800,475.6792105808642,1.9184,10.013311111111111,0.009000000000000001,0.7176993994331721
2026-08-26T19:19:05.695152,2,800,471.3464671533157,2.096,9.219711111111112,0.015,0.74680323700205
2026-08-26T19:19:12.441995,3,800,460.93735686688115,2.7503999999999995,8.800333333333334,0.005,0.7216260228977638
2026-08-26T19:19:17.840694,4,800,465.3886230842093,3.424,12.002133333333331,0.005,0.6662429090399542
2026-08-26T19:19:36.429961,0,800,476.27763253320603,2.9712,10.742881481481481,0.0,0.6919363356104159
2026-08-26T19:19:42.319053,1,800,480.01026122730735,2.64,9.762333333333332,0.005,0.6747885262552711
2026-08-26T19:19:47.489052,2,800,469.1572069836083,2.952,15.175355555555557,0.0075,0.6899198247083685
2026-08-26T19:19:54.069422,3,800,470.10649782288533,2.8783999999999996,13.258044444444444,0.005,0.7024383580026476
2026-08-26T19:19:59.288986,4,800,470.28891881722285,2.5039999999999996,14.14068888888889,0.011666666666666665,0.7070426248476207
2026-08-26T19:20:17.743386,0,800,465.83765922757425,2.8911999999999995,11.233066666666666,0.0,0.6816601558343944
2026-08-26T19:20:24.969815,1,800,467.3735344199234,3.2032000000000007,12.521666666666665,0.006666666666666666,0.7185931021980929
2026-08-26T19:20:30.998795,2,800,468.1069979856242,2.4992,9.681111111111111,0.0,0.6631895782970721
2026-08-26T19:20:38.777937,3,800,463.47395118905206,2.2880000000000003,10.01431111111111,0.0,0.7421332134004359
2026-08-26T19:20:44.395686,4,800,472.1823855693947,2.6655999999999995,13.042499999999997,0.006666666666666666,0.6842202126918753
2026-08-26T19:21:32.243505,0,800,467.68249389425955,2.6639999999999993,9.365022222222223,0.005,0.6858118556168514
2026-08-26T19:21:38.143261,1,800,464.38844010225495,2.9488,11.038577777777778,0.01,0.6678135945418333
2026-08-26T19:21:43.391702,2,800,463.331840570883,2.3216,9.23631111111111,0.02,0.7602613313899105
2026-08-26T19:21:49.943290,3,800,469.42170495004393,3.3231999999999995,11.92448148148148,0.005,0.717409668532742
2026-08-26T19:21:55.270732,4,800,466.652263988236,2.3552,12.635992592592594,0.005,0.7443972652997632
2026-08-26T19:22:12.812981,0,800,477.0164313596392,3.3503999999999996,9.5664,0.0,0.6572238975052912
2026-08-26T19:22:19.474927,1,800,473.10047418900314,2.9103999999999997,11.90597777777778,0.005,0.687179487179487
2026-08-26T19:22:24.751060,2,800,470.9495973111966,3.424,12.484377777777777,0.005,0.6710500388599305
2026-08-26T19:22:30.736605,3,800,458.30420564568027,3.1919999999999997,13.02397777777778,0.01,0.7007923036434396
2026-08-26T19:22:36.662127,4,800,465.50475384009275,3.3904,13.37868888888889,0.01,0.7142731418368448
2026-08-26T19:22:54.245734,0,800,467.5495473278129,3.2448,12.505955555555555,0.006666666666666666,0.6761595542675995
2026-08-26T19:23:00.605925,1,800,474.5619782979766,2.6335999999999995,9.861844444444445,0.0,0.7581266396654083
2026-08-26T19:23:06.403627,2,800,468.6924858295779,2.6464,12.524777777777777,0.01,0.7421696965864549
2026-08-26T19:23:11.592292,3,800,468.3381535367179,1.92,8.764866666666666,0.01,0.7381708299758258
2026-08-26T19:23:18.201134,4,800,464.72054005243643,2.7872000000000003,13.074177777777777,0.021666666666666664,0.7476244148849426
2026-08-26T19:23:36.303412,0,800,468.1915806228952,2.5808,9.555399999999999,0.0,0.734668305774952
2026-08-26T19:23:41.974692,1,800,473.77412917576004,3.5391999999999997,11.711644444444444,0.01,0.705027818107074
2026-08-26T19:23:48.280770,2,800,471.9377743927159,3.6319999999999992,11.081533333333335,0.010666666666666666,0.7005939267238505
2026-08-26T19:23:53.551530,3,800,470.5069771636518,2.3072,9.552177777777779,0.005,0.7133526288193734
2026-08-26T19:24:00.137034,4,800,467.6450907457191,2.1904,11.741977777777777,0.011666666666666665,0.7181629123194522
2026-08-26T19:24:17.653192,0,800,468.7360478013017,2.0944,11.451577777777777,0.0,0.7661882151318972
2026-08-26T19:24:22.904183,1,800,467.8588426439797,3.6479999999999997,12.135881481481483,0.006666666666666666,0.6972025245067175
2026-08-26T19:24:29.492059,2,800,475.1710738683153,2.8255999999999997,9.709677777777777,0.0,0.7268356766378031
2026-08-26T19:24:34.631605,3,800,462.8789471679684,2.5328,14.514000000000001,0.006666666666666666,0.721487014194508
2026-08-26T19:24:40.299936,4,800,471.0186785369622,3.2303999999999995,11.304503703703704,0.0,0.6802590306613701
2026-08-26T19:24:59.080884,0,800,459.94770030471074,2.7488,9.899237037037038,0.013333333333333332,0.7240716405896239
2026-08-26T19:25:04.756121,1,800,466.11303628208697,2.7184,12.193577777777776,0.0,0.6885269199316612
2026-08-26T19:25:11.029980,2,800,474.8871630145389,3.390399999999999,10.480266666666667,0.0,0.7354002916742605
2026-08-26T19:25:16.847424,3,800,467.5330937890864,2.1615999999999995,8.84094814814815,0.0,0.757062233656287
2026-08-26T19:25:22.007520,4,800,471.0590905844712,2.991999999999999,10.688088888888888,0.016666666666666666,0.7276352543560409
2026-08-26T19:25:40.342119,0,800,462.6542320749315,1.9984,12.230733333333335,0.005,0.7053139111434813
2026-08-26T19:25:46.090229,1,800,465.10621412091456,2.6256,9.51362222222222,0.011666666666666665,0.7053524635267021
2026-08-26T19:25:51.327621,2,800,478.67719504032334,3.0239999999999996,16.45883333333333,0.01,0.7001572469663752
2026-08-26T19:25:57.879406,3,800,459.1237684926737,2.7135999999999996,12.110622222222224,0.0,0.7493320513372754
2026-08-26T19:26:03.168886,4,800,469.6792714518785,3.0287999999999995,13.94486666666667,0.016666666666666666,0.6970937416062314
2026-08-26T19:26:20.498597,0,800,463.6240637039253,2.3471999999999995,8.744244444444444,0.004,0.7145648911352269
2026-08-26T19:26:27.438797,1,800,476.54802739976435,3.1744,10.005444444444445,0.0,0.6574268904102464
2026-08-26T19:26:32.755801,2,800,470.57238816848627,3.0368,10.505022222222221,0.003333333333333333,0.6928967221703592
2026-08-26T19:26:39.049809,3,800,472.93313264706484,2.833599999999999,10.736044444444444,0.013333333333333332,0.7024531791887612
2026-08-26T19:26:44.630350,4,800,467.7562966168419,2.5184,9.978222222222223,0.006666666666666666,0.742932892140771
2026-08-26T19:27:02.458553,0,800,467.28286383185286,2.8688,10.801400000000001,0.0,0.6734893258585686
2026-08-26T19:27:09.006592,1,800,474.7921385144388,3.3855999999999993,11.666133333333333,0.0,0.7088438659210492
2026-08-26T19:27:14.165369,2,800,460.0910447084637,2.0736000000000003,10.999244444444447,0.006666666666666666,0.7162905431930412
2026-08-26T19:27:19.534110,3,800,460.3142165131039,2.3487999999999998,8.125103703703703,0.0,0.7293864955564751
2026-08-26T19:27:25.975458,4,800,459.0595899845907,2.032,7.9094,0.0,0.7336289571412931
2026-08-26T19:27:43.036801,0,800,470.6633736498365,2.8335999999999997,11.3686,0.0,0.6882390958490877
2026-08-26T19:27:48.402294,1,800,464.99845655321195,2.7264,9.39671111111111,0.01,0.7023288809886908
2026-08-26T19:27:54.772523,2,800,464.4191815946402,3.0864,11.932466666666667,0.01,0.7033219196198361
2026-08-26T19:27:59.990163,3,800,474.8530328261558,2.8528000000000002,12.107192592592593,0.021666666666666664,0.7367316486589418
2026-08-26T19:28:06.379111,4,800,474.06307283541605,2.888,13.057222222222222,0.01,0.7101659686692386
2026-08-26T19:28:53.304792,0,800,466.7932409911909,2.9104,10.578399999999998,0.0,0.7152350619735475
2026-08-26T19:28:58.628290,1,800,465.8699323986427,3.0096,11.758522222222222,0.0,0.7256136176847654
2026-08-26T19:29:05.389375,2,800,465.65191876162817,3.0735999999999994,12.527933333333333,0.0,0.6688249708559623
2026-08-26T19:29:10.538249,3,800,470.4250000016191,2.5759999999999996,10.371222222222222,0.018333333333333333,0.7415646768187187
2026-08-26T19:29:16.178050,4,800,466.05377769426815,2.7407999999999997,9.93445925925926,0.015,0.688530602559177
2026-08-26T19:29:34.450763,0,800,475.8237441625359,3.6464,16.742711111111113,0.003333333333333333,0.610866637393455
2026-08-26T19:29:39.716736,1,800,474.8830972691923,2.737599999999999,10.18297037037037,0.006666666666666666,0.7264739038378178
2026-08-26T19:29:45.355489,2,800,458.75799219502386,3.4607999999999994,14.172488888888886,0.006666666666666666,0.70123828442142
2026-08-26T19:29:51.348544,3,800,470.52707499035176,4.016,14.6886,0.005,0.6569910912795536
2026-08-26T19:29:56.541080,4,800,467.4925955134765,2.2336000000000005,14.668822222222223,0.010666666666666666,0.740881210066679
2026-08-26T19:30:14.404182,0,800,480.7072894779455,3.0432,9.8764,0.008333333333333333,0.6904001990364697
2026-08-26T19:30:20.584872,1,800,461.10038666290774,2.5984,11.956333333333335,0.01,0.7199546765301045
2026-08-26T19:30:26.129744,2,800,463.87992373130123,2.3456,9.844777777777779,0.006666666666666666,0.670862953138815
2026-08-26T19:30:32.619128,3,800,471.01993887106636,3.6592,10.959133333333332,0.02,0.708517274689285
2026-08-26T19:30:37.831585,4,800,465.9078812576497,1.6592000000000002,8.603422222222221,0.0,0.7627354065734991
2026-08-26T19:30:55.259821,0,800,464.5895029784645,2.7231999999999994,11.260577777777778,0.0,0.7214543827846832
2026-08-26T19:31:01.894454,1,800,472.3197817816994,2.3312,9.512844444444443,0.006666666666666666,0.7387858202839895
2026-08-26T19:31:07.084592,2,800,476.1333893865167,3.1279999999999997,8.910992592592594,0.004,0.6791749631905443
2026-08-26T19:31:12.714903,3,800,473.9937830116714,3.6816000000000004,13.150644444444445,0.011666666666666665,0.6151621401367316
2026-08-26T19:31:18.732428,4,800,466.20602292407466,2.6256,14.954777777777778,0.0,0.7143268225010609
2026-08-26T19:31:36.167168,0,800,466.4480798117441,2.4288,9.504288888888889,0.0,0.6502414075131482
2026-08-26T19:31:42.022410,1,800,469.1224442207111,3.2431999999999994,12.153699999999999,0.013333333333333332,0.7106026585980626
2026-08-26T19:31:48.089147,2,800,475.148834309304,3.9679999999999995,11.181377777777778,0.0,0.6704733762868003
2026-08-26T19:31:53.308802,3,800,459.36895041422923,2.7184000000000004,9.748955555555556,0.005,0.7519648655289595
2026-08-26T19:31:59.804484,4,800,476.33435411753936,2.9616,11.115288888888887,0.003333333333333333,0.6601559925252353
2026-08-26T19:32:17.199010,0,800,465.90967625385673,1.7456000000000003,8.545933333333334,0.006666666666666666,0.7644124027816456
2026-08-26T19:32:22.407942,1,800,467.8042318430196,2.9055999999999993,12.826991111111111,0.011666666666666667,0.6582930643028837
2026-08-26T19:32:29.059377,2,800,465.7533547895287,2.656,10.99,0.0,0.6743269877937326
2026-08-26T19:32:34.203821,3,800,462.7027073761138,2.6912000000000003,15.133588888888887,0.0,0.713356777182657
2026-08-26T19:32:40.109946,4,800,467.90103420560763,3.3040000000000003,9.785422222222223,0.0,0.6746356492197774
2026-08-26T19:32:58.265876,0,800,467.3645589618321,2.3983999999999996,10.557385185185185,0.015,0.7536291096393392
2026-08-26T19:33:03.632922,1,800,469.24003522737917,3.3759999999999994,11.2202,0.014999999999999998,0.6751990732610865
2026-08-26T19:33:09.637865,2,800,465.0596989324783,2.1376,10.160866666666669,0.0,0.7416207355578558
2026-08-26T19:33:15.193029,3,800,465.5433432236937,2.5744,9.838970370370369,0.006666666666666666,0.7366851876094497
2026-08-26T19:33:20.309795,4,800,471.35673143665827,2.7935999999999996,9.007333333333333,0.01833333333333333,0.6909568065885702
2026-08-26T19:33:38.710658,0,800,464.3959089438766,2.3903999999999996,10.236744444444446,0.0,0.7174208233995141
2026-08-26T19:33:44.403890,1,800,458.45982958066315,2.7295999999999996,11.864911111111113,0.01,0.7158968631583572
2026-08-26T19:33:49.605036,2,800,457.3493179658947,2.1439999999999997,12.578888888888889,0.01,0.7234893258585686
2026-08-26T19:33:56.108192,3,800,465.7661153936553,3.1008,10.219377777777778,0.025,0.6832988698113597
2026-08-26T19:34:01.367380,4,800,462.2824694126277,1.9823999999999997,8.586755555555557,0.026666666666666665,0.7468716295791235
2026-08-26T19:34:18.525362,0,800,468.76529326559603,3.0368,12.968755555555555,0.025,0.679674993284985
2026-08-26T19:34:25.193407,1,800,469.81803702100405,3.4303999999999997,12.009533333333334,0.003333333333333333,0.6740326442688982
2026-08-26T19:34:30.515251,2,800,467.8856577970882,3.2943999999999996,11.906533333333334,0.0,0.6423246761296721
2026-08-26T19:34:36.408779,3,800,466.40537745701545,2.4848000000000003,11.3298,0.0,0.6947713771406197
2026-08-26T19:34:42.272603,4,800,465.71287965247666,1.8592000000000002,10.665688888888889,0.005,0.6915527262499733
2026-08-26T19:35:00.093823,0,800,465.23920812742443,2.8368,9.664022222222222,0.019999999999999997,0.6881488303925803
2026-08-26T19:35:06.733073,1,800,470.17887021142604,2.992,9.12737777777778,0.0,0.6906069424077459
2026-08-26T19:35:12.265304,2,800,467.5275457931332,2.2096,9.502844444444445,0.016666666666666666,0.7013503171553132
2026-08-26T19:35:17.495566,3,800,464.6556863146364,2.496,10.193200000000001,0.016666666666666666,0.7148834913538669
2026-08-26T19:35:23.934124,4,800,466.3701747780495,2.7887999999999993,10.709692592592594,0.0,0.7208146285177862
2026-08-26T19:36:09.639297,0,800,473.5994609918476,2.9312000000000005,13.406755555555556,0.005,0.701354475159471
2026-08-26T19:36:14.901140,1,800,465.5449210805912,2.4448000000000003,10.485755555555556,0.021666666666666664,0.7289229116304056
2026-08-26T19:36:21.492810,2,800,464.0636818037776,1.8063999999999998,12.429133333333334,0.0,0.7599920823436261
2026-08-26T19:36:26.649900,3,800,478.8082762066015,3.2447999999999992,11.965733333333333,0.021666666666666664,0.6853454216262281
2026-08-26T19:36:32.595527,4,800,477.33432046091,3.073599999999999,12.984955555555556,0.02,0.6302877061515861
2026-08-26T19:36:49.945845,0,800,473.10924236558384,3.753599999999999,14.022725925925927,0.01,0.7040249992995323
2026-08-26T19:36:55.095212,1,800,459.58285778290457,2.76,13.252748148148148,0.003333333333333333,0.7317373931066787
2026-08-26T19:37:01.083579,2,800,472.7211919151544,2.5616000000000003,11.050955555555555,0.0,0.7099626127041906
2026-08-26T19:37:06.964546,3,800,463.1785514602543,2.7952,11.23988888888889,0.006666666666666666,0.6929911775036673
2026-08-26T19:37:12.182534,4,800,468.5792963544277,2.7168,11.516244444444446,0.006666666666666666,0.7112370736063163
2026-08-26T19:37:30.585505,0,800,469.017239641513,2.44,10.05948888888889,0.019333333333333334,0.723777149941142
2026-08-26T19:37:36.301502,1,800,471.34961179997254,2.5904,12.017155555555554,0.0,0.7214518165786117
2026-08-26T19:37:41.400599,2,800,469.2056672114263,3.1248,13.596355555555556,0.013333333333333332,0.6661195479245439
2026-08-26T19:37:47.949947,3,800,467.16110865617367,3.2384,14.703177777777778,0.013333333333333332,0.672026215280257
2026-08-26T19:37:53.053601,4,800,478.3503917871354,2.88,9.778244444444445,0.005,0.7199165660908048
2026-08-26T19:38:09.801212,0,800,470.19675546205445,2.4496,10.638800000000002,0.011666666666666665,0.7171621727721648
2026-08-26T19:38:16.475258,1,800,469.6988587616686,2.448,8.53665925925926,0.0,0.7270562639939638
2026-08-26T19:38:21.794364,2,800,467.2655559433942,3.119999999999999,10.05285925925926,0.017333333333333333,0.7100871649963313
2026-08-26T19:38:27.465083,3,800,478.4321593471084,2.7727999999999997,10.730777777777778,0.026666666666666665,0.6906153846153845
2026-08-26T19:38:33.427370,4,800,463.629242246346,3.219199999999999,14.594866666666666,0.0,0.6604200672615884
2026-08-26T19:38:51.232480,0,800,478.9425383746648,2.7152,11.473133333333333,0.0,0.667418748321246
2026-08-26T19:38:57.244767,1,800,471.51875000998984,2.656,13.065577777777776,0.005,0.7395030153522956
2026-08-26T19:39:03.263191,2,800,469.53916286073905,2.1984,9.4595,0.006666666666666666,0.7403871370215046
2026-08-26T19:39:08.465401,3,800,475.1513225589515,3.3487999999999993,12.051133333333334,0.015,0.6916517667029303
2026-08-26T19:39:14.946941,4,800,455.4647126435857,2.2208,9.102377777777779,0.02,0.7301708299758259
2026-08-26T19:39:32.485291,0,800,477.4065148928419,3.0383999999999993,10.220466666666667,0.015,0.6684415477078776
2026-08-26T19:39:38.058058,1,800,473.5384230970881,2.9215999999999998,9.032777777777778,0.003333333333333333,0.7116982662736944
2026-08-26T19:39:44.645545,2,800,465.1037975758233,3.140799999999999,9.411066666666667,0.01,0.7417637468169385
2026-08-26T19:39:49.783426,3,800,464.2702768261882,2.1664000000000003,8.607844444444446,0.006666666666666666,0.7385348849497188
2026-08-26T19:39:55.951692,4,800,479.121841425753,3.846399999999999,13.70263703703704,0.013333333333333332,0.653977665992704
2026-08-26T19:40:13.994005,0,800,463.703480005026,2.52,13.137444444444442,0.015,0.6911595889071401
2026-08-26T19:40:19.080312,1,800,466.36222657659715,2.8383999999999996,11.173499999999999,0.016666666666666666,0.7117055077245543
2026-08-26T19:40:25.306417,2,800,468.1705629116598,2.7376,11.71308888888889,0.018500000000000003,0.6936146472777951
2026-08-26T19:40:30.636498,3,800,462.40725110171917,2.0656,12.131888888888888,0.025,0.6867520816545796
2026-08-26T19:40:35.784804,4,800,471.98719801787297,3.5888,12.72348888888889,0.021666666666666664,0.6024357100280694
2026-08-26T19:40:54.263733,0,800,463.77752190705996,3.119999999999999,11.700088888888889,0.005,0.7315952873916948
2026-08-26T19:40:59.586899,1,800,469.02692443091865,2.4896,11.378266666666669,0.0,0.725316184218682
2026-08-26T19:41:04.791796,2,800,460.4986883771092,2.3247999999999998,11.637614814814816,0.004,0.750310029616983
2026-08-26T19:41:11.206436,3,800,478.70062229950435,2.728,8.623400000000002,0.01,0.7123857690322862
2026-08-26T19:41:16.267847,4,800,468.9970744795068,3.6255999999999995,13.1998,0.01,0.6247361034813919
2026-08-26T19:41:33.246903,0,800,464.22468179316616,2.3344,11.503933333333332,0.006666666666666666,0.6674015992065949
2026-08-26T19:41:39.797688,1,800,466.3570005213175,2.4768,13.3476,0.0,0.7292781663092006
2026-08-26T19:41:44.923995,2,800,468.18749327045936,2.7216000000000005,11.33325925925926,0.0,0.7057809621511396
2026-08-26T19:41:50.678087,3,800,459.09386514309296,2.5599999999999996,11.024888888888889,0.01,0.7234108306648724
2026-08-26T19:41:56.399076,4,800,465.038291948867,2.7679999999999993,12.014711111111112,0.021666666666666664,0.7126730495864055
2026-08-26T19:42:13.707015,0,800,471.5583844224327,3.4447999999999994,14.008740740740741,0.006666666666666666,0.6866024956432872
2026-08-26T19:42:19.550511,1,800,462.6590206794842,2.787199999999999,12.606288888888887,0.01,0.7069578811011865
2026-08-26T19:42:25.396487,2,800,466.3497247298107,2.2159999999999997,15.209733333333336,0.018333333333333333,0.7333161842186822
2026-08-26T19:42:30.584898,3,800,468.7846723914843,2.2384,10.78368888888889,0.0,0.7523219570192041
2026-08-26T19:42:37.010368,4,800,463.55404417122645,2.700799999999999,7.943103703703704,0.005,0.6946724599553817
2026-08-26T19:43:22.101281,0,800,467.2011752511048,2.5792,14.721511111111111,0.01,0.6833333333333331
2026-08-26T19:43:27.141109,1,800,466.4016479455995,3.1439999999999997,9.685725925925926,0.005,0.6543874858753825
2026-08-26T19:43:33.506537,2,800,461.1129515455829,2.4304,12.369991111111114,0.0,0.6982899946599389
2026-08-26T19:43:38.577481,3,800,475.6262436076333,3.1408000000000005,12.360407407407408,0.016666666666666666,0.704751469713386
2026-08-26T19:43:43.688878,4,800,454.223209470089,1.5824,10.568800000000001,0.0025,0.7862660226757947
2026-08-26T19:44:02.199247,0,800,462.29226762180474,2.5616,11.25506666666667,0.006666666666666666,0.7108812979152677
2026-08-26T19:44:07.417417,1,800,469.37630825989135,2.5951999999999997,10.5824,0.008333333333333333,0.7324639208743478
2026-08-26T19:44:12.540933,2,800,483.09948253537436,3.2223999999999995,12.528355555555557,0.01,0.7134293644884684
2026-08-26T19:44:18.907999,3,800,462.6265245868269,2.5056,11.662066666666668,0.0,0.6682313434853853
2026-08-26T19:44:24.039228,4,800,464.31932012611804,1.7919999999999998,7.760355555555556,0.025,0.745638542571978
2026-08-26T19:44:41.069714,0,800,464.5345465165141,2.3344,13.209022222222222,0.01,0.7340184853487857
2026-08-26T19:44:47.475109,1,800,465.7476463758289,2.5887999999999995,11.639055555555556,0.02,0.7726312779540474
2026-08-26T19:44:52.632259,2,800,465.78302317954484,2.6415999999999995,12.386222222222221,0.015,0.7196749932849852
2026-08-26T19:44:58.405184,3,800,478.49924201817856,3.2767999999999997,12.524548148148147,0.006666666666666666,0.6947125955302954
2026-08-26T19:45:04.364419,4,800,462.50531316367886,2.4528,9.996266666666667,0.01,0.6991084721485294
2026-08-26T19:45:21.245319,0,800,463.45932245237674,3.3759999999999994,10.413044444444445,0.005,0.6439173767870564
2026-08-26T19:45:26.963743,1,800,462.9066787028922,2.16,11.755355555555555,0.0,0.7141218595886042
2026-08-26T19:45:32.793568,2,800,473.9450830459635,2.952,10.305444444444445,0.0,0.6908180744526407
2026-08-26T19:45:37.706972,3,800,471.54490773838126,2.8703999999999996,14.700325925925927,0.0,0.6825332590365291
2026-08-26T19:45:44.089578,4,800,468.51346593299974,2.2335999999999996,9.610444444444447,0.01,0.7414115753505984
2026-08-26T19:46:00.486578,0,800,477.9115008716008,2.7983999999999996,11.382333333333335,0.016666666666666666,0.6718820078011507
2026-08-26T19:46:05.559468,1,800,473.2539089927579,3.1024000000000003,12.832155555555556,0.01833333333333333,0.6688404651085197
2026-08-26T19:46:11.346000,2,800,470.4859711125814,3.0672,13.824392592592591,0.01,0.7032676878650312
2026-08-26T19:46:16.683817,3,800,470.93857900113835,2.344,10.367622222222224,0.015,0.707674093898391
2026-08-26T19:46:21.683872,4,800,465.76628671723785,2.5696,9.932377777777777,0.01,0.726375958180954
2026-08-26T19:46:38.746527,0,800,459.45487766686193,2.5072,11.295014814814815,0.011666666666666665,0.740379612018952
2026-08-26T19:46:44.832102,1,800,471.5194799678073,3.5727999999999995,10.69381111111111,0.0,0.6727966305462868
2026-08-26T19:46:49.756798,2,800,469.75348609540634,3.8783999999999996,16.31719259259259,0.022666666666666665,0.6189039687334388
2026-08-26T19:46:56.232311,3,800,462.40681187396495,1.6672000000000002,9.608711111111111,0.01,0.7356923076923075
2026-08-26T19:47:01.386138,4,800,471.1268599490832,3.1936,12.427199999999997,0.01,0.698049046018391
2026-08-26T19:47:18.151076,0,800,468.9567805135195,2.4368,11.26961111111111,0.0,0.7108456914194003
2026-08-26T19:47:24.223082,1,800,472.9633712895979,2.3296,9.824488888888888,0.011666666666666665,0.6766495175520154
2026-08-26T19:47:29.431585,2,800,460.54903082064965,3.0191999999999997,10.355844444444445,0.004,0.716148272026082
2026-08-26T19:47:34.422060,3,800,464.41542502189685,3.0399999999999996,11.830733333333335,0.003333333333333333,0.6985974974689835
2026-08-26T19:47:40.738478,4,800,470.2075284792029,2.995199999999999,10.944044444444444,0.0,0.6756090390757837
2026-08-26T19:47:57.383562,0,800,474.87758878184144,3.1951999999999994,9.866,0.005,0.67581172891304
2026-08-26T19:48:02.509515,1,800,469.84323193355095,2.6223999999999994,9.86497037037037,0.005,0.7433733313371608
2026-08-26T19:48:08.862540,2,800,466.77877670789525,2.8719999999999994,11.696866666666667,0.0,0.7549747115634324
2026-08-26T19:48:13.853965,3,800,467.799303252285,2.552,12.59561111111111,0.01,0.6797377921536277
2026-08-26T19:48:19.161771,4,800,471.9910145486686,2.4288,8.949777777777776,0.011666666666666665,0.7116684498239094
2026-08-26T19:48:37.685275,0,800,469.5361126632063,2.9536000000000002,9.507511111111112,0.005,0.7008830074087901
2026-08-26T19:48:42.951189,1,800,465.37808191793687,2.8032,9.248000000000001,0.006666666666666666,0.7305938466395169
2026-08-26T19:48:48.786502,2,800,472.2756243222773,2.2816,13.86828888888889,0.0,0.6867125895904926
2026-08-26T19:48:54.674120,3,800,472.1221724549452,3.0383999999999998,11.519866666666669,0.015,0.743605662732458
2026-08-26T19:48:59.765198,4,800,476.8990267044164,3.6832,11.549903703703706,0.004,0.6790256159495334
2026-08-26T19:49:17.723807,0,800,470.8943669559682,2.5343999999999998,9.895133333333334,0.01,0.7317457361149787
2026-08-26T19:49:23.718849,1,800,478.0826341195886,3.084799999999999,10.721733333333335,0.011666666666666665,0.7077336395723745
2026-08-26T19:49:28.738791,2,800,469.50695820673997,2.1616000000000004,8.640725925925926,0.0,0.7417561411753504
2026-08-26T19:49:35.103289,3,800,477.291952740495,2.8496000000000006,10.1072,0.005,0.7217285870003276
2026-08-26T19:49:40.188025,4,800,463.1793311399886,2.5296,9.30627777777778,0.0,0.7270004046987383
2026-08-26T19:50:25.771118,0,800,463.2245440530674,2.2207999999999997,8.857577777777777,0.011666666666666665,0.7660039927114864
2026-08-26T19:50:31.973504,1,800,461.21670421188264,2.3215999999999997,10.902644444444444,0.016666666666666666,0.7128716295791234
2026-08-26T19:50:37.202910,2,800,459.4711921833261,2.5408,10.208066666666667,0.011666666666666665,0.721035272879809
2026-08-26T19:50:42.278369,3,800,462.34626126232024,3.5871999999999997,13.001777777777777,0.0,0.7146306325434577
2026-08-26T19:50:48.584942,4,800,470.2874969850759,2.8144,8.108725925925926,0.013333333333333332,0.7106617435052942
2026-08-26T19:51:05.687527,0,800,460.12513951461216,2.8032,9.666303703703704,0.006666666666666666,0.7666872006609856
2026-08-26T19:51:10.720388,1,800,476.0444502732862,2.4336,11.500644444444445,0.013333333333333332,0.7208304889645163
2026-08-26T19:51:17.052627,2,800,468.53009474454035,3.2384000000000004,9.28014814814815,0.006666666666666666,0.6623563667518279
2026-08-26T19:51:22.137399,3,800,466.6334244501709,3.0416,13.081733333333334,0.005,0.6943514903756279
2026-08-26T19:51:27.987179,4,800,474.3141217500938,2.5855999999999995,8.926155555555555,0.0,0.746049217423378
2026-08-26T19:51:45.768072,0,800,468.3205206680454,2.7903999999999995,10.895400000000002,0.0,0.6972914764645444
2026-08-26T19:51:50.752969,1,800,472.9829205992273,2.5008,8.237177777777779,0.006666666666666666,0.6631643191435538
2026-08-26T19:51:56.244566,2,800,464.0047708287254,2.496,7.488600000000002,0.0,0.7062856476639561
2026-08-26T19:52:02.132372,3,800,470.68877541896745,3.3935999999999997,13.363399999999999,0.025,0.6983933419273675
2026-08-26T19:52:07.229234,4,800,469.90315996565323,2.3391999999999995,10.932666666666666,0.005,0.7314287244652496
2026-08-26T19:52:24.503041,0,800,469.1033564938628,3.6576,13.33217777777778,0.02,0.6602244236911684
2026-08-26T19:52:30.537591,1,800,473.37060537739677,2.7599999999999993,11.866444444444447,0.0,0.7095621271761919
2026-08-26T19:52:35.550401,2,800,456.3691961270313,2.3167999999999997,9.40185925925926,0.0,0.7406732070836338
2026-08-26T19:52:41.705197,3,800,474.1691376641793,3.0048000000000004,10.280711111111112,0.0,0.6717285870003278
2026-08-26T19:52:46.863033,4,800,465.1329859187033,3.2832,11.747844444444445,0.005,0.7200218326206516
2026-08-26T19:53:03.807527,0,800,467.6370213808084,3.0480000000000005,10.559566666666667,0.008333333333333333,0.7042049629124568
2026-08-26T19:53:09.747223,1,800,466.63781791767775,2.9279999999999995,12.028266666666669,0.0,0.7096583991883031
2026-08-26T19:53:15.202768,2,800,466.83387631759587,2.9743999999999993,11.33694814814815,0.0,0.6521494588808298
2026-08-26T19:53:20.280378,3,800,464.5332986658836,2.792,12.185344444444445,0.003333333333333333,0.6940345057882936
2026-08-26T19:53:26.717450,4,800,464.9476887197846,2.3520000000000003,11.127611111111111,0.0,0.6700341329366308
2026-08-26T19:53:43.523061,0,800,471.76289015131056,3.264,8.9168,0.0,0.660967460522113
2026-08-26T19:53:48.599783,1,800,473.1766082362712,2.7424,11.605377777777779,0.016666666666666666,0.641982514781665
2026-08-26T19:53:54.837868,2,800,465.36578580074894,3.220799999999999,11.9856,0.0,0.6755918899611326
2026-08-26T19:53:59.732556,3,800,459.85758395208956,3.0048000000000004,18.05964814814815,0.0,0.7045490852320084
2026-08-26T19:54:05.017216,4,800,466.4240697695406,2.0191999999999997,7.5368,0.0,0.7616239605892625
2026-08-26T19:54:22.810239,0,800,464.6760749609757,3.032,11.087866666666669,0.011666666666666665,0.6775272710051969
2026-08-26T19:54:28.049594,1,800,459.1825208459852,2.1536,10.798733333333335,0.0,0.7308205128205126
2026-08-26T19:54:33.106629,2,800,468.5433455905351,2.612799999999999,12.286422222222223,0.01,0.7162437191772085
2026-08-26T19:54:39.456783,3,800,468.9403565299984,3.2272,10.92748888888889,0.01,0.7163876546630261
2026-08-26T19:54:44.500757,4,800,464.49896549850513,1.7792,8.238800000000001,0.01,0.7233333333333332
2026-08-26T19:55:01.681933,0,800,480.3524307652886,3.6272000000000006,10.507155555555554,0.0,0.6796077919401228
2026-08-26T19:55:08.088711,1,800,469.0710558618489,2.3744,10.190833333333332,0.0,0.757449527568861
2026-08-26T19:55:13.116535,2,800,467.6206650308709,2.8815999999999997,11.485644444444443,0.005,0.638047822430358
2026-08-26T19:55:18.705469,3,800,457.84817912630024,1.9551999999999998,9.990977777777777,0.003333333333333333,0.7246928819469237
2026-08-26T19:55:24.306685,4,800,475.8768728935242,3.6752,14.081622222222222,0.01,0.6422168246872003
2026-08-26T19:55:41.048966,0,800,466.7794322579175,3.0704,9.290211111111113,0.03666666666666667,0.7144265986503734
2026-08-26T19:55:46.447582,1,800,469.8621048286271,3.6191999999999998,10.14257777777778,0.005,0.6986061470168329
2026-08-26T19:55:52.349979,2,800,470.98217886946276,3.207999999999999,10.677955555555554,0.0,0.6934112392469148
2026-08-26T19:55:57.427451,3,800,469.39713919787863,3.3456,11.482933333333333,0.006666666666666666,0.6767961907352139
2026-08-26T19:56:03.606590,4,800,468.8918004886014,2.5968,8.665022222222222,0.0,0.7199505846645882
2026-08-26T19:56:20.479291,0,800,453.9917447058546,3.257599999999999,8.758511111111112,0.006666666666666666,0.7183197806005872
2026-08-26T19:56:25.596799,1,800,465.4299073843909,3.4608,12.080848148148148,0.016666666666666666,0.6657478789585123
2026-08-26T19:56:31.772301,2,800,465.71886217615156,2.3216,11.2708,0.0025,0.7420021425124039
2026-08-26T19:56:37.139284,3,800,472.47723066934526,2.5696,8.938437037037037,0.004,0.7244192526730586
2026-08-26T19:56:42.359310,4,800,462.00388853694534,2.3520000000000003,9.398866666666665,0.01,0.7249374768800324
2026-08-26T19:57:28.550426,0,800,468.1050306237744,2.7664,12.698311111111112,0.006666666666666666,0.722983661181385
2026-08-26T19:57:34.130938,1,800,469.63852734103403,3.1423999999999994,12.069033333333334,0.0075,0.7052482256158363
2026-08-26T19:57:39.061207,2,800,471.8747972271979,2.472,11.732022222222222,0.015,0.6901852837279229
2026-08-26T19:57:45.353850,3,800,470.5603164287681,2.6112,12.760037037037037,0.013333333333333332,0.6759437393497094
2026-08-26T19:57:50.283623,4,800,470.42080715159983,2.8575999999999997,11.19114074074074,0.0025,0.6932450500657237
2026-08-26T19:58:07.377785,0,800,472.69517791884704,3.3984000000000005,12.0418,0.006666666666666666,0.7370338969304586
2026-08-26T19:58:13.795759,1,800,470.06479178774504,2.3568,10.849244444444446,0.006666666666666666,0.6978394584845634
2026-08-26T19:58:18.810277,2,800,469.6256059766076,2.8543999999999996,9.38317037037037,0.012333333333333333,0.6870183071286838
2026-08-26T19:58:23.915322,3,800,470.24715584395227,2.4671999999999996,11.595266666666669,0.01,0.689861465330315
2026-08-26T19:58:30.267485,4,800,480.7244749335934,2.8271999999999995,9.312111111111113,0.016666666666666666,0.7132285393101938
2026-08-26T19:58:47.710978,0,800,470.25460990242897,2.2096,11.14257777777778,0.0,0.704788526255271
2026-08-26T19:58:52.954828,1,800,461.32790126972867,2.9471999999999996,10.2446,0.02,0.7199839863714824
2026-08-26T19:58:59.295778,2,800,468.8831965025759,3.5311999999999997,14.9948,0.006666666666666666,0.7012367278121557
2026-08-26T19:59:04.454181,3,800,450.0214702838543,2.6576,14.769155555555555,0.013333333333333332,0.6824294251924851
2026-08-26T19:59:10.451377,4,800,468.55878958946846,3.1424000000000003,10.321622222222222,0.006666666666666666,0.7142531770272944
2026-08-26T19:59:27.853791,0,800,468.15861969968046,3.4032,10.040103703703704,0.0,0.7013433232150662
2026-08-26T19:59:32.969399,1,800,455.9846310584967,2.9983999999999997,11.016125925925929,0.0,0.7027344753583655
2026-08-26T19:59:38.761595,2,800,452.36603357994017,3.3135999999999997,18.184711111111106,0.005,0.6600108050905878
2026-08-26T19:59:44.281361,3,800,465.10710741819054,3.4352,10.030322222222221,0.01,0.6974745082734911
2026-08-26T19:59:49.327681,4,800,458.988332964168,2.9167999999999994,8.992044444444444,0.0,0.6694528812578773
2026-08-26T20:00:07.247064,0,800,464.6539813321333,2.9087999999999994,14.478177777777775,0.015666666666666666,0.6759483605000247
2026-08-26T20:00:13.074749,1,800,465.82020510775584,2.8848,11.886577777777779,0.005,0.7428032370020499
2026-08-26T20:00:18.256198,2,800,467.60027140669985,2.8911999999999995,18.14624444444445,0.0,0.6869674300089815
2026-08-26T20:00:24.742044,3,800,470.4688159722095,2.856,11.641866666666667,0.004,0.7443721538672616
2026-08-26T20:00:29.850752,4,800,465.90448112422774,1.9696,11.514244444444444,0.0,0.7587985023992745
2026-08-26T20:00:47.715270,0,800,482.63726196038596,2.8688,12.599,0.02,0.6599657017706977
2026-08-26T20:00:54.559061,1,800,461.79280138747487,2.5056,11.719366666666668,0.0,0.7349228158055492
2026-08-26T20:00:59.747820,2,800,475.57203437691663,2.4272,11.466777777777779,0.02,0.7005167058091913
2026-08-26T20:01:05.889552,3,800,472.95709979780327,3.3215999999999997,11.970296296296299,0.006666666666666666,0.6845176571143889
2026-08-26T20:01:11.516245,4,800,472.0159152074993,3.116799999999999,11.391822222222224,0.01,0.6477703844169017
2026-08-26T20:01:28.220058,0,800,459.8949967295611,2.7760000000000002,10.69282222222222,0.006666666666666666,0.729205537167073
2026-08-26T20:01:33.676820,1,800,465.73694225506136,2.3648,10.913844444444443,0.0,0.7630083266183185
2026-08-26T20:01:39.521565,2,800,470.78010113933277,2.775999999999999,9.690214814814816,0.016666666666666666,0.7713968592075028
2026-08-26T20:01:44.504528,3,800,462.45676747365223,2.6464,9.988999999999999,0.0,0.7092939742822747
2026-08-26T20:01:50.867093,4,800,465.01168090000175,2.9888,11.65019259259259,0.0025,0.7038443162156642
2026-08-26T20:02:07.856717,0,800,469.57080724474986,2.7616,11.42828888888889,0.01,0.7552516379182288
2026-08-26T20:02:13.124392,1,800,471.00302147126405,2.4208,9.384281481481482,0.005,0.710580409437997
2026-08-26T20:02:19.643417,2,800,477.4976256531674,2.408,9.838911111111111,0.0,0.7108226591919018
2026-08-26T20:02:24.675441,3,800,464.54725001872185,2.3392,12.6496,0.010666666666666666,0.7231989091619111
2026-08-26T20:02:29.948984,4,800,469.18168426653455,2.328,12.406777777777776,0.0,0.7342343998351718
2026-08-26T20:02:48.240473,0,800,473.6834455201718,2.9056,10.960555555555556,0.026666666666666665,0.6624051955885001
2026-08-26T20:02:53.571366,1,800,468.461533216629,2.8032,10.496066666666668,0.005,0.7530603560045744
2026-08-26T20:02:58.620584,2,800,476.5221381236161,3.2048,11.737377777777779,0.02,0.704159581555
2026-08-26T20:03:04.988194,3,800,470.73914156297013,2.6143999999999994,15.9426,0.01,0.673074038673784
2026-08-26T20:03:10.080280,4,800,470.85192918453504,2.1584,10.933666666666666,0.006666666666666666,0.70821939291664
2026-08-26T20:03:26.807286,0,800,463.1634912895981,3.5776,13.166788888888892,0.005,0.6719197135443413
2026-08-26T20:03:33.463825,1,800,466.4331314078292,3.0671999999999997,10.012533333333334,0.003333333333333333,0.6917867888458267
2026-08-26T20:03:38.753187,2,800,471.5054247134232,2.0496000000000008,9.279377777777778,0.01,0.724375958180954
2026-08-26T20:03:44.952138,3,800,459.214875495022,2.0128,10.320511111111111,0.03,0.7374387006092532
2026-08-26T20:03:50.884247,4,800,463.90229688603927,3.5151999999999997,11.445822222222223,0.008333333333333333,0.6634019495851003
2026-08-26T20:04:36.732178,0,800,457.90191096416766,2.2112,10.229511111111112,0.02,0.727491628810059
2026-08-26T20:04:42.988056,1,800,463.566865521349,2.8944,13.699977777777777,0.0,0.6929800379784923
2026-08-26T20:04:48.631113,2,800,464.74733997072957,3.1232000000000006,13.967644444444446,0.005,0.7117947065022002
2026-08-26T20:04:53.673094,3,800,457.56100895334833,1.8367999999999998,9.970511111111112,0.004,0.7247426356087311
2026-08-26T20:05:00.021933,4,800,479.0462319203234,3.1343999999999994,9.913370370370371,0.01,0.6700063043755471
2026-08-26T20:05:17.179454,0,800,469.4928037748795,2.1712,11.758144444444445,0.0,0.7303036456354555
2026-08-26T20:05:22.224432,1,800,462.85008322679226,2.4880000000000004,12.480392592592594,0.013333333333333332,0.72996502681673
2026-08-26T20:05:28.615571,2,800,457.14610329052397,2.4784,10.512611111111111,0.0,0.7087007996032975
2026-08-26T20:05:33.613602,3,800,465.609054327091,3.1071999999999997,10.108066666666668,0.006666666666666666,0.6996652664965411
2026-08-26T20:05:39.072067,4,800,471.58794993313046,3.7935999999999996,9.388766666666667,0.006666666666666666,0.6791923489752381
2026-08-26T20:05:57.169956,0,800,469.0654596516595,2.1872,12.47411111111111,0.01,0.7195206600733727
2026-08-26T20:06:02.328847,1,800,462.56663505547607,3.4863999999999993,10.43522222222222,0.0025,0.6809943094045339
2026-08-26T20:06:07.701017,2,800,458.0015698693465,2.985599999999999,9.523933333333332,0.006666666666666666,0.7366150540300418
2026-08-26T20:06:13.734538,3,800,477.8349997528779,3.233599999999999,10.704192592592593,0.02,0.718287838195307
2026-08-26T20:06:18.716968,4,800,471.9228549972606,2.176,9.658022222222224,0.01,0.7737827764886098
2026-08-26T20:07:34.986020,0,1000,709.7098512573024,8.287999999999998,23.79295185185185,0.027666666666666666,0.33166882709434037
2026-08-26T20:07:43.434995,1,1000,725.1492724009091,9.4352,18.469314285714287,0.015416666666666665,0.35445262032019803
2026-08-26T20:07:52.379280,2,1000,708.8482490508218,8.9504,21.825248730158727,0.03583333333333333,0.3742504752456482
2026-08-26T20:07:59.981377,3,1000,713.3566053911636,9.0112,24.413872592592593,0.024166666666666666,0.38825956800865474
2026-08-26T20:08:32.058463,0,1000,715.9846873407223,8.8976,20.286897037037036,0.021666666666666664,0.3044086225227186
2026-08-26T20:08:40.891121,1,1000,710.8359237468289,8.7456,23.576666666666668,0.018333333333333333,0.3492290902166622
2026-08-26T20:08:49.726860,2,1000,713.8860064872625,8.344,22.79079296296296,0.013999999999999999,0.364952129348993
2026-08-26T20:08:57.511537,3,1000,703.4663259441872,8.134400000000001,20.777135555555557,0.01,0.32969175136375517
2026-08-26T20:09:28.423351,0,1000,723.5563773330123,9.236800000000002,21.862123333333333,0.035666666666666666,0.34040559620988037
2026-08-26T20:09:37.445901,1,1000,714.2890601570267,10.0912,19.895876825396826,0.030690476190476188,0.3369745965098106
2026-08-26T20:09:45.488021,2,1000,717.7352447260895,8.844800000000001,24.460323703703708,0.030666666666666665,0.34585997230611987
2026-08-26T20:09:54.106080,3,1000,712.3123891372655,9.123199999999999,21.898089629629627,0.02476190476190476,0.34273326228283457
2026-08-26T20:10:23.908654,0,1000,718.7756959894767,10.788800000000002,26.13903777777778,0.02242857142857143,0.3153923534768118
2026-08-26T20:10:32.926925,1,1000,717.3021835725573,8.8752,20.446570793650793,0.014190476190476189,0.33119559131379533
2026-08-26T20:10:40.518854,2,1000,715.0719893315791,9.310400000000001,19.594801481481483,0.01735714285714286,0.3907732965877608
2026-08-26T20:10:49.574994,3,1000,726.7031997702705,9.844799999999998,20.21142888888889,0.018333333333333333,0.34284942365257787
2026-08-26T20:11:19.181767,0,1000,724.2439783929495,9.036800000000001,22.0167,0.018833333333333334,0.3493885218151743
2026-08-26T20:11:27.571995,1,1000,720.2248608542644,10.112,28.175897777777777,0.017,0.31626056372916184
2026-08-26T20:11:35.771251,2,1000,710.7752796803621,9.5264,20.172708148148146,0.04683333333333334,0.34968972340749127
2026-08-26T20:11:44.864737,3,1000,723.0056707760865,10.3568,21.880917724867732,0.034333333333333334,0.34254161635613817
2026-08-26T20:12:15.095520,0,1000,718.7981860116084,9.967999999999998,21.46359111111111,0.015166666666666663,0.34077272536621983
2026-08-26T20:12:22.776979,1,1000,721.6139657176144,10.596799999999998,20.343730476190476,0.02033333333333333,0.3092533244440408
2026-08-26T20:12:31.950558,2,1000,710.1406286917027,9.4256,23.46299259259259,0.03295238095238095,0.31437548574227603
2026-08-26T20:12:40.277581,3,1000,709.1984487215758,8.2,26.014082222222225,0.015,0.3192723059436835
2026-08-26T20:13:10.248223,0,1000,721.1218248280799,8.9776,25.753943333333332,0.019166666666666665,0.3150014468047154
2026-08-26T20:13:18.168945,1,1000,721.245661023377,9.595199999999998,22.120528888888888,0.033666666666666664,0.37385419631949973
2026-08-26T20:13:27.433617,2,1000,716.7742975109962,10.7632,21.290464444444442,0.037,0.3599961560199757
2026-08-26T20:13:35.156736,3,1000,714.9985348631681,9.089599999999999,23.027199999999997,0.005,0.3735389887150269
2026-08-26T20:14:48.776426,0,1000,709.8226287775293,10.107199999999999,21.519131851851853,0.04275,0.35171819131740406
2026-08-26T20:14:57.810948,1,1000,714.8174934805785,9.139199999999999,21.326099999999997,0.027190476190476192,0.3631060081802901
2026-08-26T20:15:07.482446,2,1000,710.7310799426218,11.344000000000001,27.405614444444442,0.03592857142857143,0.3503322475317426
2026-08-26T20:15:15.390745,3,1000,723.8557496371022,11.190400000000002,26.075779999999998,0.025404761904761902,0.3007511880314131
2026-08-26T20:15:44.703203,0,1000,723.4758204008277,9.3968,22.41092444444444,0.022333333333333334,0.36932026988665145
2026-08-26T20:15:53.757741,1,1000,726.8383655097388,12.057599999999997,20.969254814814818,0.040333333333333325,0.3544788610259763
2026-08-26T20:16:01.799094,2,1000,710.8364272056314,9.796800000000001,25.125085079365082,0.03,0.3382946252873616
2026-08-26T20:16:10.742796,3,1000,714.644723187283,9.360000000000001,23.172428888888888,0.029166666666666664,0.3100290816732653
2026-08-26T20:16:41.116430,0,1000,708.8378839550638,10.489600000000003,18.679984656084656,0.006999999999999999,0.3745471569924564
2026-08-26T20:16:50.496234,1,1000,707.5315349288936,9.721600000000002,23.04385063492063,0.04335714285714285,0.33488520010198786
2026-08-26T20:16:58.337073,2,1000,718.576757167332,9.276799999999998,17.720675555555555,0.026785714285714284,0.36900292386780315
2026-08-26T20:17:07.530598,3,1000,722.2862163534819,12.0752,23.83826476190477,0.018214285714285714,0.3447120935130623
2026-08-26T20:17:37.706735,0,1000,713.2047419656683,10.156799999999999,22.72639777777778,0.022261904761904764,0.28974440056046463
2026-08-26T20:17:46.844220,1,1000,709.7407947484215,9.894399999999997,23.362169365079357,0.030595238095238092,0.37504133480818536
2026-08-26T20:17:54.592275,2,1000,724.8891025180146,9.5216,20.00766650793651,0.017,0.34437476004402207
2026-08-26T20:18:03.735555,3,1000,720.1558908859826,9.4192,20.075273333333335,0.024833333333333332,0.2974391155221138
2026-08-26T20:18:33.728776,0,1000,705.4260582897996,9.719999999999999,20.646184444444444,0.0450952380952381,0.3987208458046279
2026-08-26T20:18:42.107770,1,1000,717.4977709136883,10.0096,20.954921111111112,0.0185,0.3046995568321511
2026-08-26T20:18:50.668018,2,1000,715.2202864380118,10.6432,29.34856148148148,0.035595238095238096,0.3198223034164203
2026-08-26T20:18:59.820695,3,1000,732.2532863801562,10.491200000000001,24.75768444444444,0.013000000000000001,0.29594538482858324
2026-08-26T20:19:30.225271,0,1000,715.9934410251718,8.312,24.551142222222225,0.012833333333333332,0.3481249005332916
2026-08-26T20:19:38.246781,1,1000,721.7652154612869,10.897600000000002,21.751379999999997,0.032023809523809524,0.3269017500311353
2026-08-26T20:19:47.584663,2,1000,724.865202820219,10.840000000000002,22.532567936507938,0.03529761904761905,0.34874086454481246
2026-08-26T20:19:56.945999,3,1000,714.2452313890655,8.7088,23.143611111111113,0.011666666666666667,0.3447572949888993
2026-08-26T20:20:27.446382,0,1000,715.616455855713,10.387199999999998,23.24343259259259,0.027333333333333334,0.34014930120999914
2026-08-26T20:20:35.130279,1,1000,704.8253858879311,10.7024,22.646247936507933,0.06016666666666667,0.33859441552500585
2026-08-26T20:20:44.190628,2,1000,705.0437699224635,9.64,22.054668888888887,0.04466666666666667,0.30639020228100483
2026-08-26T20:20:52.332841,3,1000,715.3384702459516,9.4816,21.90873333333333,0.013333333333333332,0.33983203301018244
2026-08-26T20:21:23.038193,0,1000,716.7882541790345,10.281600000000001,18.786164444444445,0.016619047619047617,0.3375982193093824
2026-08-26T20:21:31.092794,1,1000,727.1991549486446,10.705599999999999,22.41419957671957,0.028333333333333332,0.3062209982366899
2026-08-26T20:21:40.257948,2,1000,717.8453379146531,8.952,20.954468412698414,0.02772222222222222,0.37802047011121054
2026-08-26T20:21:48.168615,3,1000,721.2474676971796,8.9504,16.89787650793651,0.017023809523809524,0.40442822735179973
2026-08-26T20:22:21.273676,0,1000,719.531059632947,9.403199999999998,24.49792222222222,0.02769047619047619,0.36084620340662565
2026-08-26T20:22:30.143127,1,1000,724.1594756598635,10.107199999999999,22.200231428571428,0.010595238095238095,0.3506760730192777
2026-08-26T20:22:40.025298,2,1000,708.9104160981888,11.350400000000002,19.456688148148146,0.022944444444444444,0.3713612319991344
2026-08-26T20:22:48.100072,3,1000,723.6828683092798,10.953600000000002,20.84425873015873,0.030833333333333334,0.30368414949139916
2026-08-26T20:23:19.316783,0,1000,710.4743103282934,9.628799999999998,20.49238370370371,0.042595238095238096,0.3596783982012511
2026-08-26T20:23:27.800735,1,1000,715.5064978744017,10.480000000000002,23.884778888888885,0.0392063492063492,0.34016612604895813
2026-08-26T20:23:36.985250,2,1000,715.9265107085424,10.073599999999999,22.093087936507935,0.02033333333333333,0.3438710491777099
2026-08-26T20:23:44.659918,3,1000,719.0221801201296,8.700800000000001,19.594420634920635,0.01926190476190476,0.34678781170296474
2026-08-26T20:24:59.125358,0,1000,717.7085083447982,9.8528,21.55181555555556,0.033619047619047625,0.37203779267037407
2026-08-26T20:25:08.044760,1,1000,712.1144570560856,10.120000000000001,24.727208888888885,0.0025,0.32160534742505686
2026-08-26T20:25:17.304388,2,1000,709.0085243671195,9.239999999999998,21.202877777777775,0.02519047619047619,0.3234987721813733
2026-08-26T20:25:24.961175,3,1000,728.5349473021739,11.0384,25.562852592592595,0.023166666666666665,0.33339925198792403
2026-08-26T20:25:55.317396,0,1000,725.3025630906096,8.812800000000001,26.270009841269843,0.03483333333333333,0.34230828972966165
2026-08-26T20:26:04.403904,1,1000,713.2541585544421,7.300799999999999,24.938462222222228,0.015666666666666666,0.335448092070939
2026-08-26T20:26:12.699597,2,1000,724.6922764468833,10.4848,18.942346666666666,0.0125,0.325564223883867
2026-08-26T20:26:20.932910,3,1000,730.4167479517046,11.571199999999997,21.876465925925928,0.016833333333333332,0.3484900294012481
2026-08-26T20:26:50.905495,0,1000,718.7013384655298,10.777600000000005,19.202286666666666,0.008333333333333333,0.34003599686844205
2026-08-26T20:27:00.069486,1,1000,716.0404983272683,9.700800000000001,21.832811746031748,0.022166666666666664,0.3411066355357292
2026-08-26T20:27:07.762967,2,1000,714.4951779658677,9.607999999999999,24.700113333333334,0.02185714285714286,0.3576556201403582
2026-08-26T20:27:16.839718,3,1000,698.3363002178412,9.4368,27.157497777777785,0.015333333333333332,0.3287521455488993
2026-08-26T20:27:46.774220,0,1000,720.7980128043356,10.196800000000001,21.74246222222222,0.022,0.33701071075192196
2026-08-26T20:27:55.856947,1,1000,725.6523766862571,10.1728,20.65022888888889,0.030333333333333334,0.2665949409733427
2026-08-26T20:28:03.613368,2,1000,713.6338831724369,10.0144,22.720131111111108,0.017666666666666667,0.3533390772769861
2026-08-26T20:28:12.667793,3,1000,722.7865519853494,9.513599999999999,25.079728888888884,0.03783333333333333,0.32050604647039227
2026-08-26T20:28:43.325370,0,1000,718.5409351289613,10.478399999999999,21.896943703703702,0.016166666666666666,0.30327911386867656
2026-08-26T20:28:51.844972,1,1000,715.2451162102121,10.459200000000001,21.057071111111114,0.024666666666666667,0.3400593037652191
2026-08-26T20:29:00.310629,2,1000,718.7951611246555,9.024,26.871019999999998,0.0165,0.31982419943003393
2026-08-26T20:29:09.537348,3,1000,716.2362996039716,8.643200000000002,20.007957037037034,0.05008333333333333,0.3804360964318564
2026-08-26T20:29:39.648207,0,1000,714.1070756372333,10.951999999999998,20.42200888888889,0.012,0.35781390719836176
2026-08-26T20:29:47.370067,1,1000,712.5830996609176,9.2704,21.456082222222225,0.0095,0.3210419551822445
2026-08-26T20:29:56.596299,2,1000,715.0866641594216,9.2496,20.2232637037037,0.013095238095238096,0.3042456503593362
2026-08-26T20:30:05.530065,3,1000,711.063719338876,10.227200000000002,33.84888888888889,0.013166666666666665,0.33638140519792326
2026-08-26T20:30:36.331195,0,1000,718.802889917781,10.572799999999999,26.10494777777778,0.05433333333333334,0.35320600275675956
2026-08-26T20:30:44.101067,1,1000,712.3614360859361,10.6352,21.56838333333333,0.038023809523809515,0.34120368261418166
2026-08-26T20:30:53.273722,2,1000,720.5711112524563,10.9056,22.660736190476186,0.019761904761904762,0.32523452306074446
2026-08-26T20:31:01.364096,3,1000,715.6149388129138,8.7904,23.40153814814814,0.03733333333333333,0.3296917349942125
2026-08-26T20:31:32.320920,0,1000,731.2173062083866,9.7488,25.788685185185187,0.015666666666666666,0.32025578461474374
2026-08-26T20:31:40.700026,1,1000,718.3871865484007,9.628799999999998,19.60234857142857,0.029119047619047617,0.3491086126162375
2026-08-26T20:31:49.962688,2,1000,731.8065843085877,10.120000000000001,25.932452222222228,0.03316666666666667,0.36273742569785855
2026-08-26T20:31:57.725101,3,1000,717.6415507992647,8.6736,23.313308148148145,0.022333333333333334,0.3094665079670576
2026-08-26T20:32:29.494417,0,1000,725.2346711246645,9.742400000000002,25.45032666666667,0.029166666666666664,0.3179047822354199
2026-08-26T20:32:37.907024,1,1000,720.8394807889058,8.420800000000002,26.37189111111111,0.02375,0.3674260007296418
2026-08-26T20:32:47.189975,2,1000,712.2856280665227,9.0656,25.12788611111111,0.015666666666666666,0.3271741208764724
2026-08-26T20:32:54.941743,3,1000,704.1201851170266,9.475200000000001,20.15383015873016,0.015,0.349744949709703
2026-08-26T20:33:26.040233,0,1000,718.8355653096893,10.6096,22.22268444444445,0.035,0.3564712135887448
2026-08-26T20:33:35.228336,1,1000,709.5698755803186,9.5584,21.326772592592587,0.023857142857142858,0.3347085836717437
2026-08-26T20:33:44.367799,2,1000,723.5976287633224,10.3904,22.681968888888893,0.022261904761904764,0.33613603326516994
2026-08-26T20:33:52.158698,3,1000,727.2000585742873,10.2528,26.35796772486773,0.03183333333333333,0.31670432508589086
2026-08-26T20:35:05.989273,0,1000,719.6450101788341,8.9264,26.779686666666667,0.019166666666666665,0.3338523487705269
2026-08-26T20:35:15.102288,1,1000,712.9952866963267,9.820799999999998,25.932376296296294,0.02419047619047619,0.34461980413069443
2026-08-26T20:35:23.377474,2,1000,734.4344184981877,9.968,22.252283174603168,0.024,0.31269274793225466
2026-08-26T20:35:31.747585,3,1000,718.4084037783745,10.9056,21.46234481481481,0.033499999999999995,0.34818256211174964
2026-08-26T20:36:01.872693,0,1000,709.972970749764,9.411200000000001,21.645486666666667,0.01625,0.37179030863117823
2026-08-26T20:36:11.270499,1,1000,720.131596393688,10.451199999999998,21.44274761904762,0.015833333333333335,0.34611174758382596
2026-08-26T20:36:18.913700,2,1000,723.0535924137208,8.627200000000002,23.35793185185185,0.024833333333333332,0.33082603375844416
2026-08-26T20:36:27.966311,3,1000,731.6762640619987,11.4144,19.524969735449734,0.04700793650793651,0.32982894170963617
2026-08-26T20:36:58.091601,0,1000,718.9079178497591,11.52,26.606963333333336,0.027333333333333334,0.31570884702455276
2026-08-26T20:37:07.271427,1,1000,706.8975893534667,9.5024,21.637483386243392,0.015666666666666666,0.35067248513369625
2026-08-26T20:37:14.924240,2,1000,720.1403242112798,9.3776,21.19678740740741,0.024999999999999994,0.34139886112040335
2026-08-26T20:37:23.931595,3,1000,717.124126999718,9.201600000000001,22.041223174603175,0.04633333333333333,0.3554208852521543
2026-08-26T20:37:53.853950,0,1000,711.3020865591365,9.9712,20.492842222222226,0.024595238095238094,0.29004653345488385
2026-08-26T20:38:02.049874,1,1000,719.0167020161533,9.8464,19.277415079365078,0.04569444444444445,0.3700339053885344
2026-08-26T20:38:10.596901,2,1000,712.4115088446484,11.1248,20.29971005291005,0.022678571428571426,0.3091732192352901
2026-08-26T20:38:19.748543,3,1000,724.3595212112496,10.016,19.025308148148145,0.0385,0.3766478362180456
2026-08-26T20:38:50.533250,0,1000,717.9134747812649,9.072000000000003,21.754140000000003,0.006666666666666666,0.331439782698456
2026-08-26T20:38:58.483693,1,1000,715.8384915105157,9.6544,19.07380888888889,0.0215,0.36501274054067023
2026-08-26T20:39:07.672408,2,1000,707.5514164393693,10.0336,24.58293132275132,0.04166666666666666,0.3334779715734313
2026-08-26T20:39:16.339519,3,1000,715.0421088039515,10.254399999999999,23.40915777777778,0.023571428571428573,0.3378183515135836
2026-08-26T20:39:46.730849,0,1000,723.2768589549273,10.8816,22.118908888888885,0.013999999999999999,0.34584053267420733
2026-08-26T20:39:54.434978,1,1000,706.3999034744423,8.8192,22.853805079365074,0.019952380952380954,0.36338667587397155
2026-08-26T20:40:03.624496,2,1000,720.7052384828095,10.2848,23.253715555555555,0.02085714285714286,0.39210276551591583
2026-08-26T20:40:11.473682,3,1000,730.7574731376441,10.971200000000001,21.068173333333334,0.021523809523809518,0.32618380647417483
2026-08-26T20:40:43.113435,0,1000,715.8847172461992,12.2192,20.434553333333334,0.0175,0.2838157840512311
2026-08-26T20:40:51.193664,1,1000,716.6065431677816,9.616,22.247164444444447,0.024833333333333332,0.3683964581981351
2026-08-26T20:41:00.359011,2,1000,721.562383062454,9.2672,25.246485714285715,0.014166666666666666,0.32461006749084603
2026-08-26T20:41:08.018734,3,1000,721.6028890203128,10.3408,23.247669841269836,0.00875,0.39773377373546476
2026-08-26T20:41:38.897558,0,1000,719.1434780876652,10.4432,25.872102380952377,0.022166666666666668,0.32006031246467126
2026-08-26T20:41:47.786260,1,1000,712.1486050878601,9.6608,22.79953703703703,0.01933333333333333,0.3277277495366995
2026-08-26T20:41:56.625062,2,1000,710.4923161048308,9.1648,22.016207777777772,0.012857142857142855,0.33764227422358545
2026-08-26T20:42:04.444609,3,1000,717.376430083246,9.107199999999999,21.59625222222222,0.053619047619047615,0.3384026281056678
2026-08-26T20:42:34.421791,0,1000,711.1764619759402,10.28,19.514315555555555,0.01,0.34276841887058906
2026-08-26T20:42:43.676070,1,1000,716.1013571758057,9.611200000000002,22.150270370370368,0.03133333333333333,0.3426498494551582
2026-08-26T20:42:51.770753,2,1000,718.9899995445267,10.9504,22.2506,0.01876190476190476,0.3583982240707377
2026-08-26T20:43:00.638826,3,1000,725.8804549198027,8.593600000000002,18.044310000000003,0.009393939393939394,0.33664183712201995
2026-08-26T20:43:31.920597,0,1000,724.939740040747,9.0064,22.58889333333333,0.02333333333333333,0.34175845322208653
2026-08-26T20:43:41.402890,1,1000,710.8468080317249,8.5728,20.302321666666664,0.01,0.34505454610298275
2026-08-26T20:43:49.466057,2,1000,708.076441469679,9.1984,23.92240296296296,0.040357142857142855,0.3281891934685862
2026-08-26T20:43:58.496380,3,1000,724.7454869155896,10.16,24.178909682539683,0.02916666666666667,0.31772252230762776
2026-08-26T20:45:12.573541,0,1000,713.5007952197584,8.8832,22.535884444444445,0.023666666666666666,0.297976494762613
2026-08-26T20:45:21.664811,1,1000,716.372388926903,10.652800000000003,24.35394777777778,0.018500000000000003,0.3189065370381769
2026-08-26T20:45:29.172295,2,1000,719.3291407998657,11.336000000000002,23.45389666666667,0.031166666666666665,0.36393438234067155
2026-08-26T20:45:38.189999,3,1000,717.412574088994,9.233599999999997,21.352233333333338,0.015333333333333334,0.3259121383119117
2026-08-26T20:46:08.407952,0,1000,726.8609634824398,10.2016,21.07350148148148,0.017833333333333333,0.33957159741160536
2026-08-26T20:46:17.055446,1,1000,720.1304652872159,10.211200000000002,24.77886126984127,0.02083333333333333,0.32130858592232386
2026-08-26T20:46:25.126111,2,1000,716.4474967963675,10.088,27.531795555555554,0.023,0.30873252068897206
2026-08-26T20:46:34.279867,3,1000,721.0903232832721,9.3152,20.971722222222226,0.0315,0.3494911600848629
2026-08-26T20:47:04.586488,0,1000,707.8219071353387,8.300799999999999,22.340179999999997,0.01,0.36638949875911897
2026-08-26T20:47:12.255137,1,1000,719.1987647050902,10.049600000000002,20.65547142857143,0.021,0.3003937882307649
2026-08-26T20:47:21.165113,2,1000,719.0109398137411,10.4352,22.65424507936508,0.006666666666666666,0.3354279422443686
2026-08-26T20:47:29.666520,3,1000,728.0317352877761,9.072,22.72365407407407,0.021666666666666664,0.33784683790683234
2026-08-26T20:47:59.797397,0,1000,714.1197952868611,9.176,20.70521666666666,0.017666666666666667,0.3471244251717188
2026-08-26T20:48:07.494507,1,1000,720.1715308362755,8.96,18.988599999999998,0.0045000000000000005,0.3867975211695666
2026-08-26T20:48:16.624110,2,1000,720.8918033649157,9.803199999999999,20.909092222222224,0.018166666666666664,0.37302703080065336
2026-08-26T20:48:24.217347,3,1000,711.3031418423026,9.9328,20.451313492063495,0.02122222222222222,0.3626130419309975
2026-08-26T20:48:55.365075,0,1000,712.2622294630178,11.152000000000001,22.73142476190476,0.02626190476190476,0.3678424880964478
2026-08-26T20:49:03.992348,1,1000,722.8648338787797,10.950400000000002,22.385964973544972,0.006000000000000001,0.32935805582269345
2026-08-26T20:49:13.164239,2,1000,718.178393105325,9.8528,25.083942222222223,0.03233333333333333,0.326759216658948
2026-08-26T20:49:20.912571,3,1000,712.8795600943,9.406400000000001,27.073692592592593,0.026000000000000002,0.3214524916736445
2026-08-26T20:49:51.059925,0,1000,713.0713423231068,9.1072,26.21238603174602,0.009000000000000001,0.3263419905821702
2026-08-26T20:50:00.333058,1,1000,721.6195709230238,10.636800000000001,19.994462433862434,0.018190476190476187,0.3286018134929736
2026-08-26T20:50:08.947052,2,1000,717.9205425854694,10.1568,20.54410296296296,0.032857142857142856,0.3664410047526433
2026-08-26T20:50:17.252915,3,1000,728.8994875606163,10.889600000000003,26.337113862433867,0.022000000000000002,0.3546661790861254
2026-08-26T20:50:47.108405,0,1000,708.5483604198084,9.655999999999999,21.52068,0.016285714285714285,0.3572569727598489
2026-08-26T20:50:56.144099,1,1000,713.3053256581474,10.1888,24.00672814814815,0.031452380952380954,0.34162499670009716
2026-08-26T20:51:03.770427,2,1000,723.0744376441966,9.908800000000001,22.106184444444438,0.016523809523809524,0.3162610863901529
2026-08-26T20:51:12.868230,3,1000,708.5022505899524,8.2976,20.95161777777777,0.016666666666666666,0.3695755108613127
2026-08-26T20:51:43.146884,0,1000,727.441417454805,9.9056,21.660926666666672,0.03152380952380952,0.3515900202829767
2026-08-26T20:51:52.201430,1,1000,719.0680890937238,8.0304,27.92940222222222,0.017333333333333333,0.35121009850079044
2026-08-26T20:51:59.850911,2,1000,715.9603979890279,10.019200000000001,22.170578888888894,0.0265,0.31166205484427423
2026-08-26T20:52:08.938296,3,1000,708.6897336459064,10.728000000000002,22.3092662962963,0.023666666666666666,0.3353227416162246
2026-08-26T20:52:38.891039,0,1000,716.2395316255796,9.9536,21.8950237037037,0.025999999999999995,0.3553058185840443
2026-08-26T20:52:47.136114,1,1000,708.7544587156068,9.080000000000002,22.548337883597892,0.017833333333333333,0.3314179736426129
2026-08-26T20:52:55.635306,2,1000,716.9117745790667,11.8928,22.752506825396825,0.016999999999999998,0.3317605760351396
2026-08-26T20:53:04.722127,3,1000,719.9863399918568,9.361600000000001,24.832688888888892,0.020928571428571425,0.3426393221837113
2026-08-26T20:53:34.956625,0,1000,706.0577206115269,9.609600000000002,22.470162222222225,0.020999999999999998,0.3625959611360955
2026-08-26T20:53:42.657679,1,1000,717.3189987513351,10.072000000000001,21.032198412698413,0.02676190476190476,0.3635946896991146
2026-08-26T20:53:51.759736,2,1000,719.8629247449568,10.4432,23.249623174603176,0.02619047619047619,0.35889098044209355
2026-08-26T20:54:00.233458,3,1000,721.1009881164613,8.955200000000001,21.749204444444448,0.023166666666666665,0.3431555240281683
2026-08-26T20:55:13.256928,0,1000,716.6949190714453,8.7424,19.396704444444445,0.0125,0.33312982631660565
2026-08-26T20:55:21.087729,1,1000,707.4749792024035,9.233599999999997,24.92411666666667,0.02033333333333333,0.3228697884354481
2026-08-26T20:55:29.997325,2,1000,712.6633372848338,7.007999999999999,21.11068095238095,0.0075,0.3271390510041683
2026-08-26T20:55:37.423629,3,1000,706.4124750994612,10.4976,28.156336296296296,0.025666666666666667,0.3502432175483657
2026-08-26T20:56:07.754467,0,1000,725.1343353242963,11.190399999999997,22.51112666666666,0.025666666666666664,0.3346055729229533
2026-08-26T20:56:16.786198,1,1000,703.5565454520583,7.491199999999999,18.879581481481484,0.023785714285714285,0.323868314501593
2026-08-26T20:56:25.613772,2,1000,727.5730278569463,10.5008,17.517199365079367,0.01775,0.35051474133537286
2026-08-26T20:56:34.074738,3,1000,714.7820315004725,10.7632,23.05671333333333,0.0395,0.3135985658417221
2026-08-26T20:57:04.697814,0,1000,710.1779645476814,9.8224,19.955311216931214,0.0315,0.3691866780731662
2026-08-26T20:57:13.713004,1,1000,711.4894385345448,9.536000000000001,23.404001428571426,0.024595238095238097,0.3656727516672683
2026-08-26T20:57:21.977820,2,1000,721.8857743363266,9.043199999999999,19.822241904761903,0.035277777777777776,0.30983242836052777
2026-08-26T20:57:30.615183,3,1000,719.6615448940296,10.895999999999999,25.187269999999994,0.020357142857142855,0.3076373056751445
2026-08-26T20:58:00.808874,0,1000,715.63837225223,9.7536,26.610114814814814,0.014999999999999998,0.32617806506840813
2026-08-26T20:58:09.960949,1,1000,718.885403558298,9.64,18.9983508994709,0.011523809523809523,0.37691174961920176
2026-08-26T20:58:17.519836,2,1000,718.5794522997738,9.6336,23.356905555555553,0.04383333333333333,0.31863756465438475
2026-08-26T20:58:26.612000,3,1000,714.0418567494327,9.7072,22.00899100529101,0.018666666666666668,0.3065033522889475
2026-08-26T20:58:56.757275,0,1000,719.4139709510908,9.591999999999999,20.694902962962963,0.015857142857142858,0.3298388815426456
2026-08-26T20:59:05.872127,1,1000,706.1980196647404,8.5488,20.434262222222227,0.0075,0.35708450228911137
2026-08-26T20:59:13.408905,2,1000,724.161787888817,9.665599999999998,20.169393862433864,0.017833333333333333,0.36337307498150506
2026-08-26T20:59:22.293480,3,1000,717.7618430175086,10.288,25.365576666666662,0.027666666666666666,0.34987724372880163
2026-08-26T20:59:52.687445,0,1000,711.2036018254199,8.9872,24.11569037037037,0.012333333333333333,0.353693657047155
2026-08-26T21:00:00.851343,1,1000,719.555810018432,8.7824,19.057552592592593,0.027333333333333334,0.34622372391005546
2026-08-26T21:00:09.546417,2,1000,719.8243495706133,9.655999999999999,22.12983925925926,0.01869047619047619,0.31286631176974083
2026-08-26T21:00:18.741282,3,1000,720.1759042767235,10.2016,24.283244444444446,0.029857142857142856,0.3283663931785017
2026-08-26T21:00:48.817775,0,1000,707.5513145246699,10.388800000000002,20.63929333333333,0.026357142857142857,0.3435627919050592
2026-08-26T21:00:56.520967,1,1000,715.1030751064926,9.9104,24.09828555555556,0.02033333333333333,0.3508999984541819
2026-08-26T21:01:06.069007,2,1000,713.3150078542836,10.443200000000001,22.825392592592593,0.017166666666666667,0.3487038145085576
2026-08-26T21:01:14.663849,3,1000,718.2452043581869,10.294399999999998,28.26105746031746,0.02716666666666667,0.3118961108321212
2026-08-26T21:01:45.489266,0,1000,716.6066876627959,9.608,22.168946031746028,0.025166666666666667,0.3411249758918418
2026-08-26T21:01:53.342210,1,1000,712.1267142520214,10.052800000000001,19.72791481481482,0.011666666666666665,0.35198046103895125
2026-08-26T21:02:02.763061,2,1000,709.1729228686112,8.091200000000002,18.71870444444444,0.0105,0.3395410953921796
2026-08-26T21:02:10.826598,3,1000,713.5563122062739,9.2736,20.416186666666665,0.014333333333333333,0.35562969974606695
2026-08-26T21:02:42.543595,0,1000,725.3094815449281,9.3184,27.10723592592592,0.015333333333333332,0.3456406294212585
2026-08-26T21:02:50.839672,1,1000,715.7773943450711,10.020800000000001,21.746719365079365,0.02638888888888889,0.32555111237794887
2026-08-26T21:03:00.106774,2,1000,721.9060163824979,9.144,23.593361481481484,0.02666666666666667,0.3633390507361946
2026-08-26T21:03:07.797534,3,1000,716.2939761119793,9.3904,22.25264,0.017095238095238094,0.321904251307698
2026-08-26T21:03:38.043049,0,1000,716.4483343684684,11.329599999999997,24.211378095238096,0.010214285714285714,0.34922332167432335
2026-08-26T21:03:47.069088,1,1000,722.5324688252746,10.249600000000001,20.02662666666667,0.017833333333333333,0.31564710534223783
2026-08-26T21:03:56.218572,2,1000,727.3939446614555,10.5168,21.121325925925927,0.011833333333333333,0.34668051521662485
2026-08-26T21:04:04.069574,3,1000,713.8213158331505,9.489600000000001,23.755383703703707,0.024833333333333332,0.2954469971025033
2026-08-26T21:05:17.209102,0,1000,719.5047710597223,10.273599999999998,23.004889841269843,0.03247619047619048,0.3799798009446945
2026-08-26T21:05:26.329625,1,1000,722.9801507106381,9.4016,19.283817777777777,0.013166666666666667,0.3886958222355733
2026-08-26T21:05:34.446081,2,1000,712.8374443948966,9.8656,29.09028555555556,0.0125,0.32688297095241636
2026-08-26T21:05:43.247330,3,1000,715.6762743322424,9.264,21.39772253968254,0.028666666666666663,0.34795033415697196
2026-08-26T21:06:12.641745,0,1000,715.4440220804494,9.099200000000002,26.67120592592593,0.0175,0.316712364883771
2026-08-26T21:06:21.879898,1,1000,723.8772068582954,9.878400000000001,20.41145777777778,0.008761904761904762,0.37126209460309717
2026-08-26T21:06:29.690856,2,1000,719.9618295654471,10.0304,23.052024444444438,0.0235,0.35341534833290617
2026-08-26T21:06:38.769478,3,1000,716.3816635715912,10.233600000000001,23.21541333333334,0.0074285714285714285,0.38268628018233153
2026-08-26T21:07:09.343840,0,1000,715.7279172191849,10.984000000000002,22.08936481481481,0.026952380952380953,0.30494571125854775
2026-08-26T21:07:18.204981,1,1000,719.4904944975568,10.1632,19.406171111111114,0.023999999999999994,0.3566194439836991
2026-08-26T21:07:26.431670,2,1000,724.6720503805027,9.755199999999999,21.027519047619048,0.022333333333333334,0.33644457727518057
2026-08-26T21:07:35.620922,3,1000,721.5584964568116,11.036800000000003,20.937308095238095,0.023083333333333334,0.3448928999609707
2026-08-26T21:08:05.464488,0,1000,716.9032839804248,10.1552,23.30627592592592,0.022333333333333334,0.3184684059011593
2026-08-26T21:08:13.148343,1,1000,708.1698203019895,11.334399999999999,21.750975555555556,0.012249999999999999,0.322785962173513
2026-08-26T21:08:21.937569,2,1000,717.4216592407582,9.9216,19.653181481481482,0.02083333333333333,0.3745512383521054
2026-08-26T21:08:30.542489,3,1000,715.6218169298704,9.371199999999998,24.319773333333327,0.021166666666666667,0.32686433517703184
2026-08-26T21:09:00.984611,0,1000,709.4158675706273,8.4384,26.437619894179893,0.005833333333333333,0.2867318196394821
2026-08-26T21:09:08.549170,1,1000,718.6520655949475,9.2016,16.22893111111111,0.025333333333333333,0.37915022556076045
2026-08-26T21:09:17.427722,2,1000,710.2544199121076,10.4528,22.426804444444446,0.031190476190476185,0.3363075617701283
2026-08-26T21:09:24.995169,3,1000,721.0525408389053,10.456,22.5071673015873,0.02676190476190476,0.3542445290162155
2026-08-26T21:09:55.094440,0,1000,707.3470911921216,10.0496,21.233040000000006,0.019714285714285715,0.385963832498339
2026-08-26T21:10:04.264719,1,1000,718.4794714413919,9.315199999999999,19.19976148148148,0.0085,0.355676048654983
2026-08-26T21:10:13.048037,2,1000,719.3936764302938,10.369599999999998,22.85258158730159,0.03304761904761905,0.31238740432394
2026-08-26T21:10:20.659771,3,1000,725.9977799917557,9.071999999999997,20.144286296296297,0.0025,0.3705496960915388
2026-08-26T21:11:02.983920,0,1000,720.5671616218356,8.7936,19.548024338624337,0.0225,0.38905459310647544
2026-08-26T21:11:10.569604,1,1000,716.0383275199362,9.750399999999999,19.819992592592595,0.01619047619047619,0.3204705749628885
2026-08-26T21:11:19.430361,2,1000,721.5182687458267,9.646400000000002,21.450864603174605,0.028706349206349208,0.3809221399073931
2026-08-26T21:11:28.028976,3,1000,725.5853669462704,10.5568,19.82297666666667,0.029047619047619048,0.3639040972909717
2026-08-26T21:11:59.012287,0,1000,722.0626279168533,9.804799999999998,19.24484074074074,0.015666666666666666,0.31538440138227536
2026-08-26T21:12:06.557097,1,1000,710.240664768271,8.627199999999998,23.868402222222223,0.019166666666666665,0.3562981004481195
2026-08-26T21:12:15.592573,2,1000,724.699660311288,9.300799999999999,22.20363238095238,0.006666666666666666,0.31908433087577676
2026-08-26T21:12:23.476072,3,1000,734.7800303890599,10.675200000000002,20.88777259259259,0.01519047619047619,0.3157364495581104
2026-08-26T21:12:54.891715,0,1000,704.6171811972521,8.590399999999999,21.769430370370365,0.010119047619047618,0.3576027281348264
2026-08-26T21:13:03.315233,1,1000,716.367516872274,10.0144,22.20130814814815,0.007333333333333334,0.3506489886624595
2026-08-26T21:13:12.649912,2,1000,732.113287327656,11.1744,22.292101481481478,0.03461904761904762,0.35225833253906047
2026-08-26T21:13:20.478758,3,1000,710.638614838126,9.852799999999998,25.89113888888889,0.03233333333333333,0.3399668356035871
2026-08-26T21:13:52.509667,0,1000,718.6191554511191,9.627199999999998,21.97719428571428,0.009,0.35107667954412974
2026-08-26T21:14:00.938362,1,1000,721.0673233125964,9.6832,22.596693333333334,0.02783333333333333,0.38830793736509633
2026-08-26T21:14:10.214078,2,1000,716.547117112466,9.486400000000001,21.282792592592596,0.03438095238095238,0.3013778963731944
2026-08-26T21:14:17.802422,3,1000,716.0172546334984,8.286399999999999,20.761435555555558,0.03583333333333333,0.4140700677163146
2026-08-26T21:15:32.849802,0,1000,716.7685722973447,10.606399999999999,25.914728888888888,0.016666666666666666,0.3576726355410308
2026-08-26T21:15:41.581726,1,1000,717.3649805925571,12.1456,20.05001560846561,0.024761904761904763,0.32631571030032036
2026-08-26T21:15:50.603157,2,1000,709.7331024200189,8.627199999999998,23.44388666666667,0.022412698412698412,0.3507411536252703
2026-08-26T21:15:58.249803,3,1000,717.6382532907079,8.4992,21.622284444444446,0.0275,0.3200027530887982
2026-08-26T21:16:29.032817,0,1000,721.1687439755857,9.708800000000002,21.046668888888888,0.02961904761904762,0.308901560661543
2026-08-26T21:16:38.195400,1,1000,716.9074352624675,11.783999999999999,21.02770846560847,0.03891666666666667,0.3599359028367751
2026-08-26T21:16:46.563858,2,1000,713.2497745651259,10.544,22.340424444444448,0.027333333333333334,0.2986903180001337
2026-08-26T21:16:54.950778,3,1000,716.6201421090071,10.299199999999999,21.807772592592595,0.03766666666666667,0.3134353272639169
2026-08-26T21:17:24.603754,0,1000,715.5151025848876,10.249600000000003,20.806339894179896,0.014761904761904763,0.33859602875785066
2026-08-26T21:17:33.637336,1,1000,716.9528332621009,10.3248,19.28690031746032,0.03154761904761905,0.37528087150293943
2026-08-26T21:17:41.600781,2,1000,710.0610053087858,10.376,22.803421481481482,0.016166666666666666,0.35032067919024795
2026-08-26T21:17:51.064167,3,1000,717.3510798095663,11.5408,16.76886777777778,0.024583333333333332,0.38296868750888424
2026-08-26T21:18:20.967429,0,1000,710.463880687651,9.796800000000001,22.19840888888889,0.019678571428571427,0.3557563425712605
2026-08-26T21:18:30.251478,1,1000,713.3050733299568,9.4816,21.90299925925926,0.020357142857142855,0.3376685077155372
2026-08-26T21:18:37.938734,2,1000,719.7208632046958,7.6704,21.869850370370372,0.03866666666666667,0.30654681800122235
2026-08-26T21:18:47.411172,3,1000,717.697334609266,9.776000000000002,28.13126777777778,0.042166666666666665,0.3260537880574693
2026-08-26T21:19:18.063952,0,1000,719.7588495059185,9.448,20.77225079365079,0.01726190476190476,0.3113675205131503
2026-08-26T21:19:26.826596,1,1000,716.9025593066193,9.670399999999997,24.424184444444446,0.018333333333333333,0.3425850557962924
2026-08-26T21:19:35.007939,2,1000,706.0126145635877,8.24,24.318631111111113,0.04683333333333334,0.3687470064882352
2026-08-26T21:19:44.378668,3,1000,716.2228927209195,10.038400000000001,20.008895555555558,0.021833333333333337,0.3446333188213675
2026-08-26T21:20:15.177622,0,1000,711.1481621152534,9.595199999999998,23.21334148148148,0.027761904761904762,0.3370163720284781
2026-08-26T21:20:23.477157,1,1000,728.7071849156114,11.1872,26.823936296296303,0.006428571428571428,0.3502419437855698
2026-08-26T21:20:32.018865,2,1000,714.1989651420204,9.382399999999999,22.49974814814815,0.0245,0.34958951420182593
2026-08-26T21:20:41.005488,3,1000,723.5853684830954,9.068800000000001,19.59785037037037,0.016523809523809524,0.41546464088277324
2026-08-26T21:21:23.426138,0,1000,712.7866703688615,10.827199999999998,25.150405925925924,0.027333333333333334,0.3314526595385711
2026-08-26T21:21:32.315352,1,1000,728.2930615126674,9.1152,23.006351111111112,0.035666666666666666,0.30812657363480084
2026-08-26T21:21:41.614621,2,1000,720.8400146408572,9.3296,20.01704111111111,0.012666666666666666,0.34907223098034174
2026-08-26T21:21:49.472267,3,1000,723.4141205265729,9.3104,18.632095555555555,0.032690476190476186,0.32085637436810116
2026-08-26T21:22:19.254257,0,1000,724.3412553272219,9.4752,22.548271111111113,0.0085,0.35861461400567207
2026-08-26T21:22:28.309220,1,1000,715.002665612012,9.625599999999999,21.93414783068783,0.03372222222222222,0.34634400930600956
2026-08-26T21:22:37.104627,2,1000,714.0606757094178,7.855999999999999,21.44257380952381,0.02291666666666667,0.35970936142327126
2026-08-26T21:22:45.698233,3,1000,719.9897083961499,10.414399999999999,23.465917777777772,0.013333333333333332,0.3622606224666533
2026-08-26T21:23:16.126569,0,1000,711.972759332309,9.481600000000002,20.878294444444446,0.03519047619047619,0.35386783405694927
2026-08-26T21:23:25.202520,1,1000,719.2974698966642,11.216,20.864420000000006,0.018452380952380953,0.3389877230656771
2026-08-26T21:23:32.777794,2,1000,716.8525543539957,10.958400000000001,22.756608888888888,0.015333333333333332,0.3271590715179926
2026-08-26T21:23:41.784369,3,1000,721.6782208383078,11.8672,18.727104074074074,0.019777777777777776,0.3418647624484938
2026-08-26T21:24:11.452206,0,1000,726.8991052655116,9.6496,20.461922222222224,0.029833333333333333,0.3309210539357354
2026-08-26T21:24:20.420324,1,1000,717.2541201518685,9.406400000000001,20.82018222222222,0.019928571428571427,0.3703688443962079
2026-08-26T21:24:28.286551,2,1000,714.7917930922125,8.467199999999998,24.04726592592592,0.010833333333333332,0.3250249650278784
2026-08-26T21:24:37.325853,3,1000,712.4677389927552,9.3984,23.51370783068783,0.02616666666666666,0.2970240078486223
2026-08-26T21:25:50.752756,0,1000,719.0871586951539,9.9856,25.973755978835978,0.006999999999999999,0.33182474697185627
2026-08-26T21:25:58.663419,1,1000,722.3102236326932,11.043199999999999,23.80885555555556,0.023,0.31380554050407644
2026-08-26T21:26:07.807713,2,1000,718.3627927639687,9.7648,22.333127936507946,0.0185,0.3230395720238063
2026-08-26T21:26:17.519094,3,1000,716.479500475954,9.846400000000001,22.859237460317466,0.02507936507936508,0.3487264984317748
2026-08-26T21:26:48.647398,0,1000,721.5395060130954,11.203199999999999,22.229577777777784,0.03144047619047619,0.30762738587547495
2026-08-26T21:26:56.746748,1,1000,710.8629899836816,10.6512,22.320838148148145,0.01611111111111111,0.32623700518948034
2026-08-26T21:27:05.945944,2,1000,719.211928136058,7.7296000000000005,18.159609523809525,0.014940476190476192,0.36133764779017546
2026-08-26T21:27:15.309221,3,1000,721.8711374609966,8.2704,20.355912592592595,0.042333333333333334,0.3386892355179064
2026-08-26T21:27:45.614314,0,1000,720.059935420361,10.032,22.043496402116403,0.0175,0.3340533851145359
2026-08-26T21:27:53.630165,1,1000,727.7574845790668,8.457600000000001,19.64157121693122,0.013999999999999999,0.3382238363975369
2026-08-26T21:28:03.121695,2,1000,723.2292798120046,10.294400000000001,24.376815132275134,0.02119047619047619,0.38725414387184687
2026-08-26T21:28:12.201270,3,1000,712.0321262776688,11.304,17.179292222222227,0.013999999999999999,0.36156407393693224
2026-08-26T21:28:43.216435,0,1000,720.5091422731795,9.9008,22.448499523809527,0.02725,0.32232158718768494
2026-08-26T21:28:52.319265,1,1000,721.6935118963388,9.601600000000001,19.568211111111115,0.015333333333333332,0.3237618477305631
2026-08-26T21:29:01.782711,2,1000,718.235721425165,10.8928,22.02320222222222,0.029500000000000002,0.3668784345971494
2026-08-26T21:29:10.741481,3,1000,721.5822423070072,10.5424,23.620922962962958,0.029833333333333333,0.36284405900217315
2026-08-26T21:29:41.081895,0,1000,719.8569411773901,9.5808,23.327147777777785,0.011166666666666667,0.3267374892851268
2026-08-26T21:29:48.951274,1,1000,712.6518796237862,10.5232,26.036248571428573,0.023583333333333335,0.3166325981195418
2026-08-26T21:29:58.334478,2,1000,727.0735282739943,10.859200000000001,21.347125555555554,0.014416666666666666,0.3469946160891812
2026-08-26T21:30:07.146813,3,1000,719.6018339972452,11.4448,20.641854444444448,0.021666666666666664,0.3274377258623326
2026-08-26T21:30:38.381359,0,1000,711.2852187999279,10.2256,27.34470740740741,0.03619047619047619,0.2883646060163932
2026-08-26T21:30:46.434499,1,1000,724.4346069222375,9.998399999999998,20.794494126984134,0.002,0.3497973882397685
2026-08-26T21:30:56.291348,2,1000,714.985306549268,8.432,25.655151111111113,0.045,0.3345462027550154
2026-08-26T21:31:11.627517,3,1000,716.7239403673265,10.428799999999999,21.71458148148149,0.02783333333333333,0.3347793852290307
2026-08-26T21:31:45.405342,0,1000,707.1911383449769,9.745599999999998,20.17131777777778,0.03825,0.3556391927506615
2026-08-26T21:31:54.924776,1,1000,704.5696224528891,8.958400000000001,19.783867592592593,0.023166666666666665,0.3670101377074104
2026-08-26T21:32:02.839482,2,1000,718.134811048454,9.785599999999999,21.688684444444444,0.01583333333333333,0.35545275928547737
2026-08-26T21:32:12.129047,3,1000,713.0707181739612,8.5008,20.81180380952381,0.013999999999999999,0.3391628686191392
2026-08-26T21:32:42.660189,0,1000,717.6637331183675,9.2304,21.944488888888888,0.010333333333333332,0.3475381552024272
2026-08-26T21:32:51.931824,1,1000,724.9216208166846,11.192,19.474642222222222,0.0175,0.3701400874046035
2026-08-26T21:32:59.570510,2,1000,715.9122102949826,8.955200000000001,19.69177312169312,0.012333333333333333,0.36005065552360443
2026-08-26T21:33:08.739209,3,1000,716.5321838929609,8.7744,23.4022580952381,0.015,0.3449431976015304
2026-08-26T21:33:40.042483,0,1000,708.5962664771264,11.489600000000001,19.594103703703706,0.03385714285714286,0.36148965696812907
2026-08-26T21:33:49.174501,1,1000,710.7530691853831,9.527999999999999,20.04462074074074,0.024333333333333335,0.3259001604516697
2026-08-26T21:33:56.880544,2,1000,721.8078732935043,10.1488,20.543751640211646,0.015333333333333334,0.3484354700716172
2026-08-26T21:34:06.062716,3,1000,723.5235534034965,11.2128,26.1748362962963,0.03226190476190476,0.3284381757921598
2026-08-26T21:34:36.102507,0,1000,721.8444182352205,10.022400000000001,25.45466666666666,0.019857142857142858,0.32292953089121323
2026-08-26T21:34:44.512751,1,1000,725.969683287759,9.648000000000001,26.912637037037033,0.02716666666666667,0.30649511374084787
2026-08-26T21:34:53.002836,2,1000,718.168698282206,9.798399999999999,19.02369619047619,0.022595238095238095,0.3843398677192382
2026-08-26T21:35:02.176068,3,1000,727.8115945156087,9.936,23.400227777777776,0.033357142857142856,0.31882872336939466
2026-08-26T21:36:14.801779,0,1000,708.1764841238072,11.384,26.916053333333338,0.02395238095238095,0.30903864216801497
2026-08-26T21:36:22.466960,1,1000,711.9639947879468,9.088,23.261395555555556,0.013166666666666667,0.37226144609595624
2026-08-26T21:36:31.629075,2,1000,718.0204645546972,9.4864,22.37950222222222,0.016666666666666666,0.3368190938021199
2026-08-26T21:36:39.746973,3,1000,710.2379255308696,9.723199999999999,23.21967333333333,0.0265,0.3442505628586928
2026-08-26T21:37:11.452659,0,1000,713.8868665518654,11.004800000000003,20.88026814814815,0.026690476190476188,0.3864633233286919
2026-08-26T21:37:19.011348,1,1000,726.7299692258258,10.684800000000001,21.137237777777777,0.009166666666666667,0.3265715588265414
2026-08-26T21:37:28.086744,2,1000,714.5914324925255,10.596799999999998,20.07498,0.009000000000000001,0.3529091427757918
2026-08-26T21:37:35.758605,3,1000,721.3464427305462,10.814400000000001,24.90193925925926,0.03285714285714286,0.34409505426688886
2026-08-26T21:38:06.589070,0,1000,719.7604974014216,9.487999999999998,26.133226666666673,0.05185714285714286,0.3119140705160692
2026-08-26T21:38:15.033885,1,1000,713.6650237167906,10.8784,23.914948888888883,0.017380952380952382,0.3540449094802655
2026-08-26T21:38:24.060460,2,1000,707.6592129681525,8.998399999999998,20.651536666666672,0.019166666666666665,0.37318103559475396
2026-08-26T21:38:31.594444,3,1000,720.7239952746381,9.9664,26.02016888888889,0.03328571428571428,0.36412334113196965
2026-08-26T21:39:01.889741,0,1000,727.3034869841713,9.849599999999999,23.482075555555557,0.012,0.3580829962150565
2026-08-26T21:39:11.150957,1,1000,732.5912578544653,9.9728,22.326305925925922,0.03695238095238095,0.33598787217826287
2026-08-26T21:39:19.890462,2,1000,718.84680374792,11.030400000000002,23.614424814814814,0.029333333333333336,0.3321317931051503
2026-08-26T21:39:28.809241,3,1000,717.7561830196929,10.750399999999999,18.0041,0.024166666666666666,0.3799127307384927
2026-08-26T21:40:00.060246,0,1000,720.4766059222748,9.544,19.678720634920634,0.010595238095238095,0.3735807085180196
2026-08-26T21:40:09.703339,1,1000,716.1804716379985,9.1264,22.176034603174607,0.008333333333333333,0.33694973167951303
2026-08-26T21:40:18.698315,2,1000,729.160486086888,9.0512,18.30004433862434,0.01625,0.35606687483746424
2026-08-26T21:40:27.535452,3,1000,708.6537049540615,10.3792,21.690012222222222,0.025928571428571426,0.3565704170757536
2026-08-26T21:40:59.457995,0,1000,715.2927986762534,9.3728,19.475535555555556,0.0115,0.34506279854370325
2026-08-26T21:41:09.017014,1,1000,706.3454803049722,9.168000000000001,22.84923523809524,0.020500000000000004,0.33332243724865307
2026-08-26T21:41:23.733665,2,1000,725.9342784830541,10.456,20.115162592592593,0.015,0.3723064669559439
2026-08-26T21:41:31.987535,3,1000,716.347158407726,9.728,23.555537777777776,0.007261904761904762,0.34869859565771627
2026-08-26T21:42:08.328524,0,1000,716.3907163498762,9.7312,25.65468444444444,0.033928571428571426,0.3160094835165189
2026-08-26T21:42:16.910672,1,1000,710.8972889554116,10.891200000000001,22.84265830687831,0.028690476190476186,0.34098588319056716
2026-08-26T21:42:25.518628,2,1000,714.3543597454401,10.1696,25.57230666666667,0.012023809523809523,0.330401888909899
2026-08-26T21:42:34.857331,3,1000,719.2274534907529,10.662399999999998,21.651998095238085,0.04466666666666667,0.3285098585480848
2026-08-26T21:43:05.740216,0,1000,716.0408708587092,10.691199999999997,20.269105185185186,0.034833333333333334,0.40607677279956617
2026-08-26T21:43:14.209133,1,1000,714.2711871498354,9.2112,24.20165333333333,0.018666666666666668,0.32599242101794657
2026-08-26T21:43:23.202734,2,1000,714.4250631600457,9.8832,22.759294179894177,0.013888888888888886,0.32015104444233516
2026-08-26T21:43:32.636549,3,1000,709.9482011649402,10.486399999999998,23.284088253968253,0.035,0.3354394113819945
2026-08-26T21:44:02.839413,0,1000,714.3611505632311,10.252799999999997,21.016441111111114,0.014023809523809523,0.3712827495624926
2026-08-26T21:44:10.734714,1,1000,717.5146417411047,10.0192,25.878894814814817,0.0175,0.33560431984057865
2026-08-26T21:44:20.564526,2,1000,720.5516456883656,10.998400000000002,22.862532592592594,0.02428571428571429,0.3260223522076657
2026-08-26T21:44:30.127737,3,1000,707.5689866314716,11.380799999999999,21.491726666666665,0.02152380952380952,0.3780268325193836
2026-08-26T21:45:00.717987,0,1000,725.4053220602841,9.64,21.36338216931217,0.023250000000000003,0.35761772335071784
2026-08-26T21:45:08.785348,1,1000,710.7602166476764,8.4768,22.385461269841276,0.012833333333333332,0.4053831738964575
2026-08-26T21:45:18.261245,2,1000,716.9644087752498,9.6032,23.042612222222225,0.01219047619047619,0.3222645391278007
2026-08-26T21:45:27.955133,3,1000,715.0132476412209,8.281600000000003,19.300453015873018,0.02209523809523809,0.3552202823830487
2026-08-26T21:46:42.611548,0,1000,720.0328018672803,9.3856,20.831780000000002,0.011000000000000001,0.3305814296772783
2026-08-26T21:46:51.351507,1,1000,709.7351428641624,8.0944,18.986570158730157,0.019,0.35746630424874815
2026-08-26T21:47:00.611423,2,1000,726.7591072542206,11.2752,24.15568666666667,0.044976190476190475,0.353894624991558
2026-08-26T21:47:10.056407,3,1000,717.0131286623559,9.7136,17.08601904761905,0.03683333333333333,0.36288335923397197
2026-08-26T21:47:41.667558,0,1000,712.0808607435685,8.7424,21.204346666666666,0.0,0.3388127474067808
2026-08-26T21:47:49.972119,1,1000,728.7716201226395,10.975999999999999,18.20816222222222,0.03816666666666667,0.39311407443376595
2026-08-26T21:47:58.942050,2,1000,711.3376422150615,8.416,22.86338666666667,0.022333333333333334,0.34389095881992077
2026-08-26T21:48:08.104065,3,1000,721.7302665032715,9.9856,22.800982222222224,0.005333333333333333,0.33502899361662025
2026-08-26T21:48:38.901864,0,1000,709.9661852982435,10.32,23.34129555555556,0.013666666666666667,0.3267304558864144
2026-08-26T21:48:47.023139,1,1000,722.2288867389856,12.0688,27.283707195767192,0.013095238095238094,0.3343872371630877
2026-08-26T21:48:56.263869,2,1000,709.6557806148952,8.561599999999999,21.661233333333335,0.016666666666666666,0.3599800275608216
2026-08-26T21:49:05.445178,3,1000,717.372942637265,8.688,21.555022222222224,0.025666666666666664,0.37502470862990805
2026-08-26T21:49:36.124522,0,1000,711.1097663388058,9.208,25.4441037037037,0.02644444444444444,0.35329012621360456
2026-08-26T21:49:44.019331,1,1000,716.3112141952561,10.6688,21.747663492063495,0.022250000000000002,0.3570558306717878
2026-08-26T21:49:53.468696,2,1000,706.7808439518673,9.2512,23.55822481481482,0.023277777777777776,0.3611830006948073
2026-08-26T21:50:02.800558,3,1000,723.3701558661905,9.088000000000001,23.757243703703708,0.003666666666666667,0.37494502445909944
2026-08-26T21:50:34.658102,0,1000,718.6154197453383,9.5456,20.424553333333332,0.019666666666666666,0.3348132654021421
2026-08-26T21:50:42.614999,1,1000,719.8260807760216,9.4832,22.687920634920644,0.03216666666666666,0.31617676038499537
2026-08-26T21:50:52.042577,2,1000,712.3042174646871,10.371200000000002,23.587124444444434,0.01476190476190476,0.32506111477050376
2026-08-26T21:51:01.589239,3,1000,726.012552151351,9.974400000000001,22.770404444444445,0.032357142857142855,0.3333184240364564
2026-08-26T21:51:39.966030,0,1000,725.1348391601709,11.0288,23.151831111111115,0.015666666666666666,0.2880980240399378
2026-08-26T21:51:49.267657,1,1000,716.885733372008,9.702399999999999,23.233105555555557,0.009000000000000001,0.36642004104504045
2026-08-26T21:51:57.009092,2,1000,723.5714896988426,11.0336,20.255073703703705,0.022857142857142857,0.34125518516419845
2026-08-26T21:52:06.400572,3,1000,710.2241605381313,9.3264,24.09539259259259,0.05083333333333333,0.37009795844229193
2026-08-26T21:52:40.976774,0,1000,711.2959743377422,8.8224,23.897468888888895,0.028761904761904763,0.310289425531019
2026-08-26T21:52:50.076775,1,1000,724.9134360642997,11.249600000000001,20.60763523809524,0.017888888888888888,0.3500950704411641
2026-08-26T21:52:57.633073,2,1000,713.087934457471,10.0464,20.48349111111111,0.03485714285714286,0.3602913111672029
2026-08-26T21:53:06.525094,3,1000,714.0986215880038,10.843199999999998,25.811835238095238,0.030666666666666665,0.35306201634952133
2026-08-26T21:53:37.035397,0,1000,720.4067989764472,12.548800000000002,23.828426031746034,0.05094047619047618,0.37223806953978666
2026-08-26T21:53:46.603796,1,1000,717.1288766240756,9.4368,21.585512222222214,0.016833333333333332,0.33231778033597636
2026-08-26T21:53:54.307428,2,1000,712.318322921563,10.764800000000001,19.926444444444442,0.011833333333333333,0.3252207204057568
2026-08-26T21:54:03.519075,3,1000,713.9149674203453,9.1248,20.21751185185185,0.014761904761904763,0.3697117111450804
2026-08-26T21:54:33.972127,0,1000,719.0094954517807,9.867199999999999,18.839913333333335,0.024,0.3530863248658992
2026-08-26T21:54:42.949880,1,1000,709.4887671435308,8.5136,22.42143925925926,0.028333333333333335,0.3520730271676095
2026-08-26T21:54:50.578041,2,1000,714.4857832245208,8.382399999999999,23.020191111111107,0.02185714285714286,0.3109276636209585
2026-08-26T21:54:59.713844,3,1000,700.0873784302612,8.7168,18.526415555555555,0.023499999999999997,0.3680844645372327
2026-08-26T21:55:31.307066,0,1000,718.5405585047088,8.4224,27.304695449735444,0.012666666666666666,0.3543922026089107
2026-08-26T21:55:40.066884,1,1000,712.6093311309809,9.719999999999999,24.755011111111116,0.014095238095238095,0.33440639765113844
2026-08-26T21:55:47.940594,2,1000,713.2354574883362,8.907199999999998,17.932463333333338,0.018666666666666668,0.34433617506298975
2026-08-26T21:55:56.985039,3,1000,710.4186492615323,8.9744,19.70540814814815,0.022666666666666665,0.3678129802996019
2026-08-26T21:57:10.035684,0,1000,719.3448577953856,8.355200000000002,18.23297111111111,0.013428571428571427,0.34751079995136086
2026-08-26T21:57:17.502542,1,1000,717.091985681271,9.9344,22.568022592592587,0.03283333333333333,0.35007735368144566
2026-08-26T21:57:26.452115,2,1000,715.5763343582086,10.142399999999999,25.443094444444444,0.014166666666666666,0.3621885442603359
2026-08-26T21:57:34.719754,3,1000,724.5856441565816,10.041600000000003,21.97456296296296,0.006999999999999999,0.3177587480826803
2026-08-26T21:58:05.777566,0,1000,730.192110686754,8.4064,20.714555555555556,0.018500000000000003,0.3441425396819
2026-08-26T21:58:13.443972,1,1000,723.8726126806181,8.745600000000001,20.839649206349208,0.0365,0.3169374682028213
2026-08-26T21:58:22.507244,2,1000,716.1812418392137,10.1312,19.872889999999995,0.019761904761904762,0.3750450484962907
2026-08-26T21:58:30.148037,3,1000,719.2993064351389,9.315199999999999,20.261644444444443,0.01583333333333333,0.3605682968247187
2026-08-26T21:59:01.922606,0,1000,714.282552350649,8.5328,21.974427142857138,0.015595238095238093,0.3310175683326337
2026-08-26T21:59:10.184898,1,1000,713.2988300673123,11.663999999999998,23.118166666666667,0.011666666666666667,0.3673692233509785
2026-08-26T21:59:19.182438,2,1000,715.4033889282906,9.4528,22.540975555555555,0.022111111111111113,0.33716789635609795
2026-08-26T21:59:26.800563,3,1000,719.2214568146068,9.7152,20.74597037037037,0.030999999999999996,0.35366204978750454
2026-08-26T21:59:57.173016,0,1000,715.1590115864027,9.105600000000003,21.960091957671956,0.005666666666666666,0.3279715416365922
2026-08-26T22:00:06.393510,1,1000,714.8492192711051,9.219199999999999,31.212971269841272,0.006000000000000001,0.3192302589875105
2026-08-26T22:00:14.999770,2,1000,714.2831541676114,8.616000000000001,22.274562222222222,0.026333333333333334,0.3275655623707394
2026-08-26T22:00:23.063201,3,1000,701.7835116591897,9.723199999999999,21.425075185185182,0.025833333333333333,0.33697339323519565
2026-08-26T22:00:54.994829,0,1000,726.6203676194845,10.811200000000001,23.455886666666665,0.009333333333333334,0.3547361329927142
2026-08-26T22:01:05.412600,1,1000,718.4020344713775,10.201600000000001,24.998014444444443,0.022,0.32971571302361596
2026-08-26T22:01:15.543018,2,1000,717.4071701330323,11.016000000000002,26.42823111111111,0.006000000000000001,0.3273908758387096
2026-08-26T22:01:23.493501,3,1000,712.2458922720521,9.625599999999999,21.19149576719577,0.015333333333333332,0.31812453170291144
2026-08-26T22:01:55.584753,0,1000,720.0739189803427,10.576,20.450669841269843,0.022000000000000002,0.3375724940776458
2026-08-26T22:02:04.721069,1,1000,712.2841378325257,8.4816,24.61632777777778,0.021166666666666667,0.30377879368288724
2026-08-26T22:02:14.021102,2,1000,729.6370960487271,10.2688,20.78338814814815,0.013999999999999999,0.31102440604972115
2026-08-26T22:02:22.039148,3,1000,716.0527659324949,9.9824,24.037336296296292,0.017499999999999998,0.3222944948229437
2026-08-26T22:02:52.558165,0,1000,717.0502531505563,10.0704,18.512461587301587,0.012222222222222223,0.3249375259389823
2026-08-26T22:03:01.668203,1,1000,715.3633541251093,11.3936,19.985782222222223,0.03095238095238095,0.32997600400678295
2026-08-26T22:03:10.240793,2,1000,727.3441416794125,10.110399999999998,21.943180317460314,0.008761904761904762,0.34874207306856386
2026-08-26T22:03:18.319887,3,1000,717.5222078399747,9.038400000000001,26.330340000000007,0.019,0.34278324750051226
2026-08-26T22:03:48.577720,0,1000,721.1880730343596,10.180799999999998,19.290704444444444,0.023666666666666666,0.2995048680927949
2026-08-26T22:03:57.629057,1,1000,719.2902538108834,9.736,26.179197037037035,0.012023809523809523,0.3196337656558754
2026-08-26T22:04:05.233803,2,1000,720.263747094123,9.363199999999999,18.874119682539682,0.02265079365079365,0.3618939268235717
2026-08-26T22:04:14.277086,3,1000,710.3688193860909,9.456,26.218357777777783,0.014761904761904763,0.31457615527627847
2026-08-26T22:04:44.000051,0,1000,716.9358722074007,10.8512,21.215796825396822,0.0215,0.34326301525980957
2026-08-26T22:04:52.951237,1,1000,724.6950999658039,11.483200000000002,20.230122222222224,0.03403571428571429,0.326305462397451
2026-08-26T22:05:00.448004,2,1000,724.753912140682,10.1536,23.877582222222216,0.016666666666666666,0.3515478780213423
2026-08-26T22:05:09.339539,3,1000,726.0043120926299,10.0656,24.762694285714293,0.03,0.31155725883534374
2026-08-26T22:05:48.332103,0,1000,713.4663399455111,8.318399999999999,21.614803333333338,0.013999999999999999,0.3387621304164844
2026-08-26T22:05:57.263303,1,1000,717.890101230566,8.2112,19.671222222222223,0.017833333333333333,0.35312648930537627
2026-08-26T22:06:06.003294,2,1000,714.2802896342085,10.732800000000003,22.549809523809525,0.027023809523809526,0.34695205750135244
2026-08-26T22:06:13.957589,3,1000,701.1903935998743,10.3904,25.822013333333334,0.029500000000000002,0.33224214584436185
2026-08-26T22:07:30.347874,0,1000,718.1417293944402,10.486400000000001,19.66863079365079,0.02007936507936508,0.33104670148529275
2026-08-26T22:07:39.161344,1,1000,703.1373948922305,10.260800000000001,22.516217354497353,0.04566666666666666,0.3793434168381348
2026-08-26T22:07:48.351220,2,1000,723.671032580296,10.5648,22.44743777777778,0.029166666666666664,0.3581360113187097
2026-08-26T22:07:56.031524,3,1000,722.0232385298892,10.939199999999998,20.540534444444443,0.003666666666666667,0.3125116542482322
2026-08-26T22:08:26.217450,0,1000,719.6581889843706,9.088000000000001,26.641422962962967,0.03285714285714286,0.33567231254074487
2026-08-26T22:08:35.108958,1,1000,714.3473891562303,9.1296,23.689144444444445,0.010190476190476189,0.36682781127176756
2026-08-26T22:08:42.890236,2,1000,724.4975156930767,11.604800000000001,21.691500952380956,0.024480158730158727,0.36603840053022263
2026-08-26T22:08:51.528256,3,1000,715.8285122901481,9.222399999999999,20.043093333333335,0.012023809523809523,0.3115943140171668
2026-08-26T22:09:21.426050,0,1000,712.9448007570259,10.526399999999999,23.85800830687831,0.022222222222222223,0.35935705011527314
2026-08-26T22:09:30.396843,1,1000,710.3684357263149,9.6256,24.18484814814815,0.032,0.35804403070270235
2026-08-26T22:09:37.907147,2,1000,721.6505467637139,9.5808,20.62545111111111,0.014428571428571431,0.3418884138844944
2026-08-26T22:09:47.433408,3,1000,714.507088697073,10.300799999999999,25.09869333333333,0.03369047619047619,0.3730427905515868
2026-08-26T22:10:17.504735,0,1000,712.6066658110564,12.411200000000001,18.007319682539684,0.022916666666666665,0.3370101823118729
2026-08-26T22:10:25.483570,1,1000,716.2955695787541,9.2832,22.872934285714283,0.020666666666666663,0.3678853526217879
2026-08-26T22:10:33.822565,2,1000,714.2873686861716,9.184,19.975926666666666,0.009000000000000001,0.3223039297977533
2026-08-26T22:10:42.624648,3,1000,723.9328214433084,8.747199999999998,19.248693227513233,0.005,0.3511154418055936
2026-08-26T22:11:12.178980,0,1000,720.2090327543123,12.0176,25.006179365079355,0.018444444444444444,0.3222448846805295
2026-08-26T22:11:19.574124,1,1000,713.9174468907687,9.312000000000001,20.760525396825397,0.006666666666666666,0.32951382000741797
2026-08-26T22:11:28.461237,2,1000,724.8397460426805,9.667200000000001,20.147012222222223,0.021333333333333333,0.3510813617239668
2026-08-26T22:11:35.792471,3,1000,717.2135672659693,10.2432,23.756894814814814,0.019095238095238096,0.32175957111087894
2026-08-26T22:12:07.005367,0,1000,718.268412966901,10.175999999999998,19.675016296296295,0.01292857142857143,0.34448094845329386
2026-08-26T22:12:15.226165,1,1000,726.7497856304782,10.353600000000002,21.453313333333334,0.022214285714285714,0.30183541025357846
2026-08-26T22:12:24.049919,2,1000,715.2667107430267,10.68,27.777518095238097,0.040357142857142855,0.3394450135609479
2026-08-26T22:12:31.521572,3,1000,709.5659488489251,10.286399999999999,24.410566296296295,0.018333333333333333,0.2986175434261039
2026-08-26T22:14:27.961746,0,1200,944.2435428922405,19.804800000000004,34.82660410934744,0.05484126984126983,0.3266522539383321
2026-08-26T22:14:40.329365,1,1200,929.6651832862417,19.2176,37.8977055026455,0.04116666666666667,0.2757355208625844
2026-08-26T22:14:52.607571,2,1200,934.4924528686963,19.3504,29.74290215167549,0.046702380952380954,0.2899470030534739
2026-08-26T22:15:51.663725,0,1200,936.8514391189717,17.904,27.420455132275134,0.07565079365079366,0.2914318665320604
2026-08-26T22:16:03.783685,1,1200,935.3470653631753,16.980800000000002,32.651541693121686,0.05102380952380953,0.27345685522349245
2026-08-26T22:16:15.141895,2,1200,943.3021849627603,17.4512,28.117210511463846,0.04417857142857143,0.26688674270340235
2026-08-26T22:17:11.281501,0,1200,938.8699463234668,20.448000000000004,28.518396701940034,0.04521428571428571,0.29134543614791086
2026-08-26T22:17:23.308711,1,1200,947.5207298590694,20.2512,29.284673580246913,0.04462337662337663,0.2802475058831307
2026-08-26T22:17:35.540613,2,1200,944.3906500696248,18.5696,29.232063209876543,0.04891269841269841,0.2705010736749833
2026-08-26T22:18:26.170667,0,1200,936.1147655495702,19.0032,32.75243010582011,0.04697619047619047,0.2837302766627043
2026-08-26T22:18:37.825623,1,1200,933.5775761253292,18.3344,33.29875975308642,0.04151587301587301,0.2829408834708347
2026-08-26T22:18:49.968129,2,1200,947.6878630947485,19.2096,30.02723164021164,0.028595238095238097,0.29285613427676066
2026-08-26T22:20:42.705667,0,1200,942.3865075558205,17.5696,31.09698111111111,0.026551587301587302,0.27307175914789567
2026-08-26T22:20:55.115783,1,1200,943.2435411867419,19.0352,28.280911710758378,0.059672438672438675,0.3029795451040046
2026-08-26T22:21:07.117556,2,1200,946.3822135568251,19.512,28.6533214638448,0.048357142857142855,0.29953690834350943
2026-08-26T22:21:57.003287,0,1200,932.9649240437334,18.9728,29.410403174603175,0.02700793650793651,0.27187369340278406
2026-08-26T22:22:09.185040,1,1200,941.8334777613268,18.3728,34.2409617989418,0.03981349206349206,0.28284999540887873
2026-08-26T22:22:21.282163,2,1200,930.3331735789529,18.102400000000003,30.74471417989418,0.05041666666666666,0.27518162264404245
2026-08-26T22:23:11.750701,0,1200,941.1294962179566,18.097600000000003,31.961097724867724,0.04095238095238095,0.3156295525866063
2026-08-26T22:23:24.366164,1,1200,937.1277851448091,17.2304,30.60217297151408,0.027175324675324672,0.3114896911453868
2026-08-26T22:23:36.766513,2,1200,933.2435243953388,16.6112,29.88205248677248,0.04740476190476191,0.28612177521436544
2026-08-26T22:24:27.323185,0,1200,943.8148664565999,17.1792,28.982094673721345,0.04125,0.27905421137703523
2026-08-26T22:24:39.459989,1,1200,930.5303010140285,18.6384,33.07436647266314,0.0321038961038961,0.24947319571636334
2026-08-26T22:24:51.770262,2,1200,937.4083606988976,16.526400000000002,31.29207414462082,0.06504761904761906,0.27434746215797623
2026-08-26T22:25:43.955267,0,1200,933.1490484351823,18.5856,30.830567195767202,0.034138888888888885,0.26246641765124745
2026-08-26T22:25:55.174013,1,1200,945.0370297186132,18.4544,31.736934850088183,0.01858333333333333,0.26953816104358674
2026-08-26T22:26:07.620537,2,1200,941.0805235538602,17.0096,30.89079476190476,0.04616666666666666,0.2980759455024929
2026-08-26T22:27:00.196748,0,1200,939.890109364998,16.897599999999997,26.60456176366843,0.020116161616161615,0.30207781279925283
2026-08-26T22:27:12.758501,1,1200,941.0644537056833,19.144,33.34874416225749,0.046035714285714284,0.28434800162081886
2026-08-26T22:27:25.126432,2,1200,942.8229519448565,18.4576,29.692720105820104,0.050916666666666666,0.2979148658046734
2026-08-26T22:28:16.234544,0,1200,932.6542474470002,18.1024,35.49133846560847,0.06007539682539682,0.2610660654099794
2026-08-26T22:28:28.851183,1,1200,937.6563830007507,17.9632,33.56443876543211,0.051238095238095235,0.2767281077009685
2026-08-26T22:28:41.511120,2,1200,925.9486136419547,16.56,33.286126243386235,0.06535389610389611,0.2842889996700496
2026-08-26T22:29:32.222922,0,1200,941.6826556557264,17.048000000000005,29.72769153439154,0.03512878787878788,0.3117421077677625
2026-08-26T22:29:44.861837,1,1200,933.291005715541,20.2288,29.513595485008818,0.042059884559884554,0.30733782292181294
2026-08-26T22:29:57.365149,2,1200,938.7220507381078,17.883200000000002,37.32713216931218,0.039857142857142855,0.29125695951231295
2026-08-26T22:30:49.617877,0,1200,934.5576414519551,17.9264,29.751181375661375,0.049523809523809526,0.29449162649873656
2026-08-26T22:31:00.709207,1,1200,930.0053207192882,17.2144,32.94389128747795,0.0345,0.24599075590001918
2026-08-26T22:31:13.499510,2,1200,935.9865457645111,18.535999999999998,32.87208194003527,0.0313452380952381,0.29113308451561515
2026-08-26T22:32:07.279110,0,1200,940.2276420225671,18.4928,25.838865661375667,0.032079365079365076,0.3080764470261348
2026-08-26T22:32:19.910325,1,1200,938.8780679692061,18.992,32.108679461279465,0.053670634920634924,0.26979583740732965
2026-08-26T22:32:32.512659,2,1200,932.8359692900308,16.6224,32.53215266313933,0.04654761904761905,0.2802831126802383
2026-08-26T22:34:25.944315,0,1200,934.9260819876445,17.7008,33.191318977072314,0.03435714285714285,0.2899018255109081
2026-08-26T22:34:37.122907,1,1200,937.7776551689783,17.761599999999998,25.256422010582014,0.03173412698412698,0.2903824324760204
2026-08-26T22:34:49.398818,2,1200,937.0339190542629,19.4832,29.339569576719576,0.024638888888888887,0.2966077734015807
2026-08-26T22:35:41.363132,0,1200,938.2953432286478,21.6896,31.84310807760141,0.05234920634920636,0.2923143915662101
2026-08-26T22:35:53.129890,1,1200,931.8481412252578,18.1168,31.549330440917107,0.050727272727272725,0.26829688551826225
2026-08-26T22:36:04.568923,2,1200,937.8941940888953,18.515200000000004,31.841520511463845,0.042595238095238096,0.27294973076597356
2026-08-26T22:36:56.287523,0,1200,935.0196704029355,19.887999999999998,30.762135714285716,0.03019047619047619,0.3054006198697672
2026-08-26T22:37:08.529825,1,1200,949.3916364701386,17.801599999999997,32.418734550264546,0.06091666666666667,0.2926323819686949
2026-08-26T22:37:20.733976,2,1200,938.6081145093929,17.904,33.88792962962963,0.05003571428571429,0.27458877918378427
2026-08-26T22:38:10.293379,0,1200,941.2997738071822,19.36,30.514268465608467,0.05863095238095238,0.2834225696760008
2026-08-26T22:38:22.638695,1,1200,942.3735005912295,16.923199999999998,25.217150582010582,0.045551587301587294,0.28467123339299305
2026-08-26T22:38:34.811997,2,1200,931.9336389519519,18.3216,29.431757301587304,0.05319047619047619,0.27247037867562335
2026-08-26T22:39:25.656053,0,1200,942.4424302080284,17.2048,29.47339984126984,0.028095238095238093,0.2859777254036675
2026-08-26T22:39:37.991543,1,1200,935.0379178295717,17.3136,28.5169308994709,0.045023809523809535,0.2796998925219356
2026-08-26T22:39:50.214475,2,1200,936.3542428441775,17.823999999999998,27.945013809523807,0.04502777777777777,0.30291170335133283
2026-08-26T22:40:41.609787,0,1200,947.520262771011,18.3472,29.860617918871252,0.053103174603174604,0.2613527315638069
2026-08-26T22:40:53.091782,1,1200,930.7413668788455,17.134400000000003,27.443445061728397,0.06062301587301588,0.2694493001469101
2026-08-26T22:41:05.370752,2,1200,936.478854144466,16.972799999999996,31.564497619047614,0.029861111111111113,0.2555777697313449
2026-08-26T22:41:57.169450,0,1200,927.1822751462059,20.022399999999998,34.571721058201064,0.06438095238095237,0.2771057991395866
2026-08-26T22:42:08.956193,1,1200,934.7935510646683,15.1328,31.48920978835979,0.02925396825396825,0.27649492034392187
2026-08-26T22:42:20.455066,2,1200,942.0465255628109,17.9776,25.749854285714285,0.023499999999999997,0.2781784319834722
2026-08-26T22:43:12.107353,0,1200,932.3554748885773,18.204800000000002,27.180774426807762,0.05575396825396825,0.25973422285395775
2026-08-26T22:43:24.466296,1,1200,949.0805916339899,20.1088,26.58030807760141,0.02661111111111111,0.2817866317947276
2026-08-26T22:43:36.725440,2,1200,944.9732999594214,18.761599999999998,30.60539105820106,0.045404761904761906,0.2712937265111732
2026-08-26T22:44:27.234855,0,1200,943.795722240617,18.7488,30.033069171075837,0.024166666666666666,0.2868857328224047
2026-08-26T22:44:39.849736,1,1200,939.665758688759,17.3248,32.6765240388007,0.03985425685425685,0.2986569624635886
2026-08-26T22:44:52.380010,2,1200,943.9137344931157,18.6096,29.38987068783069,0.04404761904761905,0.27468284973950474
2026-08-26T22:45:42.839961,0,1200,933.2009383695423,16.0432,34.514032169312166,0.046841269841269836,0.2694398413683485
2026-08-26T22:45:55.181827,1,1200,936.5335447027528,16.945600000000002,35.36699566137566,0.03635714285714286,0.2974378178913221
2026-08-26T22:46:07.542088,2,1200,952.2563053587156,19.4208,29.014325873015874,0.04021500721500722,0.29057810474758694
2026-08-26T22:47:59.346114,0,1200,948.0652938388866,17.985599999999998,30.644961058201062,0.06326984126984128,0.3035450509121811
2026-08-26T22:48:11.174591,1,1200,933.2385492550454,18.625600000000002,29.99920832451499,0.03212301587301587,0.31594988828661963
2026-08-26T22:48:22.673367,2,1200,952.6933756786467,18.311999999999998,29.684628783068785,0.032630952380952385,0.26575580919154285
2026-08-26T22:49:14.519710,0,1200,942.0280257279192,19.0576,30.309770493827155,0.02969047619047619,0.274025354515639
2026-08-26T22:49:26.686141,1,1200,937.2087288883928,19.268800000000002,30.896834673721337,0.056678571428571425,0.3001724176872405
2026-08-26T22:49:38.651103,2,1200,929.9291843153507,18.5728,33.082290493827166,0.03494047619047619,0.2645265743087797
2026-08-26T22:50:28.996889,0,1200,938.4703732910971,19.897599999999997,34.69818042328043,0.04133441558441559,0.29919310160177565
2026-08-26T22:50:41.230534,1,1200,936.6363362895145,15.184000000000003,26.768964656084655,0.04481746031746032,0.2865044103340573
2026-08-26T22:50:53.296088,2,1200,947.8010928002057,18.8736,30.00551310405644,0.03896428571428571,0.2843924409837289
2026-08-26T22:51:42.987259,0,1200,931.0390090694784,16.4752,29.460859611992944,0.04271428571428571,0.26011545186628915
2026-08-26T22:51:55.077663,1,1200,934.8017157050841,17.312,30.155554015285123,0.029718253968253963,0.31058871974697566
2026-08-26T22:52:07.106508,2,1200,933.0410910178582,18.020799999999998,29.46956587301587,0.04188095238095238,0.27984771620583654
2026-08-26T22:52:56.761681,0,1200,938.2645237831243,18.620800000000003,31.748794497354503,0.047452380952380954,0.26284382699698855
2026-08-26T22:53:08.890695,1,1200,938.3436658117761,18.068800000000003,38.64994444444444,0.04811904761904762,0.27507518061453773
2026-08-26T22:53:20.885646,2,1200,933.177339267302,16.3952,38.382963809523815,0.034349927849927846,0.26718546130934784
2026-08-26T22:54:11.067263,0,1200,936.5907083598744,18.038400000000003,29.181234021164023,0.04672619047619048,0.29388454271318964
2026-08-26T22:54:22.682969,1,1200,937.7384866290724,18.985599999999998,29.258968783068777,0.05829365079365079,0.2780666408254141
2026-08-26T22:54:34.790846,2,1200,935.9815278256551,16.574400000000004,28.192098659611993,0.03161904761904762,0.28791860428780613
2026-08-26T22:55:26.237661,0,1200,941.0889071826168,19.422400000000003,33.80822365079364,0.03519047619047619,0.3017178602537594
2026-08-26T22:55:36.825984,1,1200,939.2258029157107,17.0176,30.525286578483243,0.04076984126984127,0.23707217071021006
2026-08-26T22:55:48.496328,2,1200,945.7547357296819,19.0528,29.27728331569665,0.048666666666666664,0.27225960709541325
2026-08-26T22:56:39.962295,0,1200,931.874231383614,17.6384,31.335380881834215,0.042488095238095235,0.29506719100781525
2026-08-26T22:56:51.474444,1,1200,940.8367959009454,17.7216,27.985584497354495,0.057595238095238095,0.2600909835526845
2026-08-26T22:57:02.493548,2,1200,941.5540565873429,18.137600000000003,32.876861111111104,0.03979761904761905,0.2999905705292783
2026-08-26T22:57:53.191785,0,1200,932.5259724367381,17.736,30.70217871252205,0.01775,0.2754171552559254
2026-08-26T22:58:05.166395,1,1200,946.7461922679594,21.217599999999997,28.834210564373898,0.0512579365079365,0.2870159907075017
2026-08-26T22:58:15.973627,2,1200,938.6318854301207,18.2352,31.21886594356261,0.04761904761904763,0.28691510216768434
2026-08-26T22:59:07.357901,0,1200,942.0030548276817,20.240000000000002,29.485535026455022,0.023478354978354977,0.33405272390096835
2026-08-26T22:59:19.353887,1,1200,928.2066377305428,16.032,32.170910105820106,0.029257936507936507,0.3018480757494575
2026-08-26T22:59:31.074143,2,1200,929.8891816035851,18.1968,33.93789513227514,0.05695238095238095,0.3204132579719133
2026-08-26T23:01:18.862093,0,1200,933.6790291405686,18.84,32.51649042328042,0.02687301587301587,0.2772056301158431
2026-08-26T23:01:30.681419,1,1200,944.0265258963644,17.6912,32.35451682539683,0.038857142857142854,0.3016082115619704
2026-08-26T23:01:42.672343,2,1200,938.2720495539814,16.9872,28.8088471957672,0.024333333333333335,0.2649429977020189
2026-08-26T23:02:31.674260,0,1200,949.3599211279086,19.528000000000002,28.531702010582013,0.040749999999999995,0.3008034610538733
2026-08-26T23:02:43.520245,1,1200,936.4582223218689,16.596799999999998,31.147988853615526,0.03411904761904762,0.28769154314616985
2026-08-26T23:02:55.413272,2,1200,944.3066420722139,19.1008,34.68811216931217,0.04124603174603175,0.26075751023899874
2026-08-26T23:03:44.873987,0,1200,942.1960890123872,17.6672,31.076016014109346,0.04989285714285715,0.25201481082526983
2026-08-26T23:03:56.754240,1,1200,941.5262574963555,17.8928,32.807431587301586,0.047452380952380954,0.26974766441895287
2026-08-26T23:04:08.696527,2,1200,939.8900115239637,18.64,30.655107266313934,0.04582142857142856,0.30571031284576056
2026-08-26T23:04:57.861983,0,1200,941.013434984264,20.059200000000004,30.765254179894182,0.054678571428571424,0.26580666906583134
2026-08-26T23:05:09.899256,1,1200,934.5400312497445,17.568,27.171551816578482,0.039285714285714285,0.24680999501349704
2026-08-26T23:05:21.779421,2,1200,937.6896860913213,18.8928,26.43032761904762,0.04366666666666666,0.28952523207479997
2026-08-26T23:06:18.858793,0,1200,948.0294546610166,17.705600000000004,27.584268818342153,0.06713095238095237,0.3022364511227623
2026-08-26T23:06:34.747101,1,1200,943.9581096273462,19.4496,28.517476666666667,0.034873015873015875,0.2926671264342453
2026-08-26T23:06:48.703967,2,1200,940.8377418232451,19.7264,26.557031128747795,0.05257936507936508,0.331705054045519
2026-08-26T23:07:42.488480,0,1200,932.1368506745114,18.2928,26.00465977072311,0.03436904761904762,0.28216652462406416
2026-08-26T23:07:56.220435,1,1200,938.7831131830419,17.188799999999997,31.059453968253965,0.021619047619047618,0.2660809252476841
2026-08-26T23:08:10.057216,2,1200,935.2498055493916,18.867199999999997,32.486615643738986,0.03403968253968254,0.2576390585523822
2026-08-26T23:09:03.810596,0,1200,933.9909549695772,21.88000000000001,29.934204832451496,0.04355952380952381,0.300134567460973
2026-08-26T23:09:16.113227,1,1200,932.5259933712726,20.241600000000002,29.418532204585535,0.07553571428571428,0.3224362495422382
2026-08-26T23:09:28.266680,2,1200,937.4471472038183,18.7136,30.232819576719574,0.04621031746031746,0.2653230435106118
2026-08-26T23:10:21.404729,0,1200,943.167012196016,20.9248,29.92707767195767,0.04458333333333333,0.29447997795940645
2026-08-26T23:10:34.189487,1,1200,939.3209809247753,18.048000000000002,33.37041793650794,0.050896825396825406,0.26536097002015707
2026-08-26T23:10:46.958221,2,1200,932.4221781687072,17.7104,29.299937425044092,0.02519047619047619,0.26453597048934613
2026-08-26T23:11:39.683830,0,1200,939.3973314515054,20.303999999999995,32.16224627865961,0.06404761904761905,0.2741431063991235
2026-08-26T23:11:51.543826,1,1200,942.4999530119371,18.172800000000002,32.29149102292769,0.049761904761904764,0.2649460611689135
2026-08-26T23:12:03.124928,2,1200,948.0013029048175,16.1264,33.62386677248677,0.04744047619047619,0.2662952022764676
2026-08-26T23:12:55.405626,0,1200,925.9703154632359,19.065600000000003,33.348002169312174,0.03855555555555556,0.2959055905794649
2026-08-26T23:13:07.737754,1,1200,933.1626319245422,18.8672,29.449063968253967,0.04260064935064935,0.32072359962143454
2026-08-26T23:13:20.344237,2,1200,947.598249383355,16.5648,35.11427045855379,0.045250000000000005,0.3002513814387246
2026-08-26T23:15:11.153541,0,1200,947.7161714420674,17.8416,31.12325947089947,0.051142857142857136,0.2758953762007368
2026-08-26T23:15:23.701424,1,1200,938.5151552127691,18.1296,29.477140299823635,0.05128968253968254,0.2968790891320767
2026-08-26T23:15:37.861419,2,1200,944.4622756532003,18.016000000000005,29.680382345679014,0.044993506493506495,0.28531167068191826
2026-08-26T23:16:32.806706,0,1200,932.4203576647501,18.515199999999997,29.58081469135803,0.03814285714285714,0.26914006791195083
2026-08-26T23:16:46.280364,1,1200,946.7225993614271,19.232,29.54050007696008,0.036654761904761905,0.2904994442159431
2026-08-26T23:16:59.780070,2,1200,932.0559310159965,18.4768,33.08068670194004,0.06257142857142856,0.30044545716813076
2026-08-26T23:17:51.831113,0,1200,940.1736857837877,18.896,29.862278518518515,0.039119047619047616,0.28169920892018885
2026-08-26T23:18:04.274763,1,1200,944.8992036515385,18.040000000000003,28.549005784832453,0.022662698412698412,0.28367100485308555
2026-08-26T23:18:16.637825,2,1200,942.024394125402,18.639999999999997,34.06494165784832,0.046809523809523815,0.27036517196776766
2026-08-26T23:19:08.620630,0,1200,936.8262092026891,19.321600000000004,28.326551569664904,0.044988095238095244,0.3025786535180632
2026-08-26T23:19:19.783189,1,1200,931.8864684805494,17.038400000000003,28.75670654320988,0.04026190476190476,0.27846689891112797
2026-08-26T23:19:31.968387,2,1200,935.7363839313647,18.208000000000002,32.94552497354498,0.04826984126984127,0.2814540406675567
2026-08-26T23:20:24.194997,0,1200,935.6517282800226,15.5712,30.521948148148148,0.04638095238095238,0.269055248755399
2026-08-26T23:20:36.684019,1,1200,936.1535001752176,18.9792,30.59536329805996,0.057023809523809525,0.2992401733381904
2026-08-26T23:20:48.483726,2,1200,929.6963009856887,18.896,35.97767481481481,0.04502380952380952,0.27301071274775063
2026-08-26T23:21:41.846437,0,1200,939.2106689856197,18.139200000000002,31.1746662962963,0.03191666666666666,0.2930975307181797
2026-08-26T23:21:54.399419,1,1200,935.5898536413644,17.2976,29.23818941798942,0.04076984126984127,0.2944098066743602
2026-08-26T23:22:07.311088,2,1200,941.3253087089913,18.28,27.77097790123457,0.03820238095238095,0.28064185385488827
2026-08-26T23:22:59.520540,0,1200,932.8521554156956,20.1088,29.381938042328052,0.030722582972582967,0.29071580545133247
2026-08-26T23:23:11.865361,1,1200,942.7218902906753,17.7136,29.05210987654321,0.025095238095238094,0.2758925996412728
2026-08-26T23:23:24.260004,2,1200,931.1617805935481,18.596799999999998,28.52051825396826,0.05746825396825397,0.2978221356047813
2026-08-26T23:24:17.285220,0,1200,937.6067005348389,17.5536,32.76107918871252,0.057380952380952394,0.29896265947428513
2026-08-26T23:24:30.355715,1,1200,946.640668494976,18.151999999999997,28.960360564373897,0.03905952380952381,0.26413298217151804
2026-08-26T23:24:43.551494,2,1200,929.0212272680486,17.209600000000002,31.27262354497355,0.04430158730158731,0.2974572812678718
2026-08-26T23:25:39.137170,0,1200,940.2364058328835,20.4976,28.050172998236334,0.03471428571428572,0.3097568625837409
2026-08-26T23:25:52.382576,1,1200,938.24383568605,18.7712,28.138986543209874,0.05134632034632034,0.2862829389935283
2026-08-26T23:26:06.169747,2,1200,946.2084323933071,17.409599999999998,33.356225873015866,0.029749999999999995,0.2893837225028417
2026-08-26T23:27:01.241845,0,1200,941.0988433103397,18.000000000000004,30.611750194003527,0.04786507936507936,0.28425968954559333
2026-08-26T23:27:14.286168,1,1200,938.2702304674625,18.072,29.897547389770725,0.04652380952380953,0.283225073327202
2026-08-26T23:27:27.100246,2,1200,926.0604980503435,17.488000000000003,37.09735121693122,0.029285714285714283,0.2644932658547032
2026-08-26T23:29:25.280393,0,1200,944.5957936077473,19.313599999999997,28.223497407407404,0.02372222222222222,0.30339378522817023
2026-08-26T23:29:38.208076,1,1200,940.5018485559248,19.4864,27.743963756613763,0.04587698412698413,0.29374997893889104
2026-08-26T23:29:51.256122,2,1200,931.6388750857875,18.910400000000003,26.532963580246918,0.06501298701298701,0.28027046766050384
2026-08-26T23:30:43.768739,0,1200,943.263346571453,19.486400000000003,29.119572116402114,0.06040476190476189,0.30691290933035975
2026-08-26T23:30:56.948008,1,1200,938.8350445317216,16.177599999999998,33.18182532627866,0.028398268398268395,0.2625678762080232
2026-08-26T23:31:10.152804,2,1200,934.0192843308,15.276799999999998,29.97370888888889,0.03773809523809524,0.2927962582996332
2026-08-26T23:32:04.634424,0,1200,941.7012380237883,18.8768,31.54685088183422,0.03166666666666666,0.28242412125473
2026-08-26T23:32:17.410432,1,1200,940.3367764270098,19.668799999999997,30.016305320399766,0.04830952380952381,0.30260549174238033
2026-08-26T23:32:29.376521,2,1200,928.9585585728427,17.089599999999997,30.745279647266315,0.038130952380952376,0.2745300236658419
2026-08-26T23:33:21.374740,0,1200,936.5912865293517,17.9728,26.70001354497354,0.03254761904761905,0.28214821489478203
2026-08-26T23:33:34.477954,1,1200,937.2844284361323,16.980800000000002,33.04328994708995,0.017166666666666667,0.2741873563101259
2026-08-26T23:33:47.735286,2,1200,930.7422008903475,19.766399999999997,29.455859929453265,0.041388888888888885,0.3030582691308168
2026-08-26T23:34:40.245670,0,1200,945.548748551182,17.0688,27.82721841269841,0.0391547619047619,0.27378304443984464
2026-08-26T23:34:52.581865,1,1200,953.5490456223908,19.8,32.350578659612,0.04437301587301587,0.283906626203378
2026-08-26T23:35:05.912937,2,1200,936.082068301193,18.024,32.02959008818342,0.029464285714285717,0.27296605351258857
2026-08-26T23:36:00.555767,0,1200,938.7469232343906,17.540799999999997,32.129900670194004,0.03819047619047619,0.2920645191412659
2026-08-26T23:36:14.483023,1,1200,932.260876455694,18.446400000000004,31.652633968253966,0.03875,0.3114649310038969
2026-08-26T23:36:27.577713,2,1200,931.4858941124706,16.443199999999997,29.5162387654321,0.04747619047619047,0.2836881220494595
2026-08-26T23:37:19.190870,0,1200,934.798706343268,17.315200000000004,30.20913724867725,0.055785714285714286,0.2902872584324264
2026-08-26T23:37:31.321787,1,1200,931.1208372316956,19.110400000000002,32.15778610229276,0.041162698412698415,0.30363172916210807
2026-08-26T23:37:44.103741,2,1200,936.333148808787,16.363199999999996,27.46113691358024,0.03816666666666667,0.28802088586168123
2026-08-26T23:38:36.911369,0,1200,945.1836229124465,20.816000000000003,28.684966224146223,0.03817857142857143,0.2996059861892311
2026-08-26T23:38:49.557580,1,1200,945.214539551403,17.6928,28.88330546737214,0.05319444444444445,0.28807943919882434
2026-08-26T23:39:01.740589,2,1200,937.095172831815,18.0832,30.261085978835972,0.03644139194139193,0.28520148051682986
2026-08-26T23:39:53.721548,0,1200,940.9992090839102,18.0976,33.375739805996474,0.04469047619047619,0.29471237077862805
2026-08-26T23:40:06.574222,1,1200,948.7926320366977,21.737599999999997,34.08015795414462,0.06284523809523809,0.2757291998673667
2026-08-26T23:40:19.276685,2,1200,933.30237069765,17.704,31.624671957671964,0.05406349206349206,0.2663529408886476
2026-08-26T23:41:10.442049,0,1200,943.5169581150806,18.7936,35.898751534391536,0.04666269841269841,0.2701591521539116
2026-08-26T23:41:22.654681,1,1200,943.1423006184116,19.684799999999996,28.871152116402122,0.045242063492063486,0.2770601551575082
2026-08-26T23:41:35.207697,2,1200,932.4686737123048,21.336000000000002,31.777589559082884,0.04897619047619048,0.2800564082766265
2026-08-26T23:43:31.447156,0,1200,935.1549448294444,17.257599999999996,32.35145516754851,0.03569047619047619,0.2798275534738358
2026-08-26T23:43:44.663565,1,1200,937.5316865519051,19.076800000000002,31.826662204585535,0.03128571428571428,0.3159361211571381
2026-08-26T23:43:57.361657,2,1200,933.6757742158976,17.0768,35.39489735449736,0.04194047619047619,0.2723828907294399
2026-08-26T23:44:49.376429,0,1200,950.0536486449458,18.8336,30.008689647266316,0.0365952380952381,0.3096479011945767
2026-08-26T23:45:01.221665,1,1200,931.3050281880278,18.6896,34.32662650793652,0.04705952380952381,0.27765747911252203
2026-08-26T23:45:14.562147,2,1200,934.6467284310481,18.4544,28.91129746031746,0.04283008658008658,0.2821904065814481
2026-08-26T23:46:07.070455,0,1200,939.9373585382838,19.2736,29.496487918871253,0.042095238095238095,0.3053141883438645
2026-08-26T23:46:19.891375,1,1200,929.5838852555905,16.304000000000002,34.04504423280424,0.025166666666666667,0.2615749757015125
2026-08-26T23:46:32.024679,2,1200,939.8410684709752,18.2944,31.17415529100529,0.035595238095238096,0.27574938687209843
2026-08-26T23:47:23.453248,0,1200,943.6429530191983,17.928,29.51075708994709,0.034440476190476195,0.29342892071171306
2026-08-26T23:47:35.986130,1,1200,933.2117874767898,17.584,29.72352070546738,0.043428571428571434,0.28797579336640355
2026-08-26T23:47:48.499133,2,1200,939.7793272569133,19.588800000000003,32.691097001763666,0.04352777777777779,0.28806136292757417
2026-08-26T23:48:39.071108,0,1200,935.0524742192146,19.528,28.48798884078884,0.01944047619047619,0.2960658065100874
2026-08-26T23:48:51.669953,1,1200,932.5593315453842,18.1792,33.35060319223986,0.02407936507936508,0.29823430799515316
2026-08-26T23:49:04.637096,2,1200,934.3533555409145,17.409599999999998,33.650540017636686,0.050809523809523804,0.2994659992034501
2026-08-26T23:49:57.407794,0,1200,936.3083841998804,17.076800000000002,30.270655343915347,0.03661904761904762,0.2838509872854034
2026-08-26T23:50:09.954998,1,1200,930.513839133618,16.427200000000003,32.811584373897716,0.05957936507936508,0.262649749067831
2026-08-26T23:50:21.507723,2,1200,937.1863648615607,18.088,30.03716232804233,0.046593406593406585,0.3026315920716629
2026-08-26T23:51:13.387834,0,1200,944.2693126853455,18.7296,33.25660079365079,0.048910173160173154,0.27216318927044175
2026-08-26T23:51:26.010099,1,1200,941.0603018261681,19.9248,31.24932335097002,0.04496428571428571,0.2824492781121568
2026-08-26T23:51:38.621892,2,1200,928.9747978102423,17.707200000000004,30.199237530864202,0.04816666666666667,0.2601099814935357
2026-08-26T23:52:29.937244,0,1200,945.7804098179712,20.1072,32.390722927689595,0.0410952380952381,0.2816134111775337
2026-08-26T23:52:42.695803,1,1200,931.6500763452275,18.209600000000002,31.92743802469136,0.045,0.28225316095851016
2026-08-26T23:52:55.392950,2,1200,936.5518433899558,18.230399999999996,32.43185541446208,0.02606746031746032,0.2806224528997687
2026-08-26T23:53:50.376679,0,1200,939.6921278277339,18.553600000000003,27.405740158730154,0.04919047619047619,0.27518178231076357
2026-08-26T23:54:03.279333,1,1200,942.3032005723254,18.863999999999997,31.368346190476192,0.03886111111111111,0.28381743841880896
2026-08-26T23:54:15.743117,2,1200,935.8628104549606,18.848000000000003,30.30690423280424,0.03749206349206349,0.32776775743402636
2026-08-26T23:55:06.973669,0,1200,943.237773886886,16.7152,31.63524910052911,0.05014682539682539,0.2925435764576062
2026-08-26T23:55:19.571973,1,1200,932.0655025655227,18.215999999999998,30.674778853615525,0.048130952380952385,0.24811342865266497
2026-08-26T23:55:32.063142,2,1200,931.2176013689599,16.540799999999997,26.40937894179894,0.03583333333333333,0.27213986922916106
2026-08-26T23:57:28.138773,0,1200,935.458577349263,20.046400000000002,28.661537530864198,0.037587301587301586,0.3033569943569863
2026-08-26T23:57:40.773948,1,1200,950.4152428645964,19.6832,31.932471534391535,0.04165079365079365,0.31124420052480184
2026-08-26T23:57:53.501704,2,1200,935.9972494062401,17.5728,29.537174532627866,0.025404761904761902,0.29940763099985285
2026-08-26T23:58:45.087252,0,1200,942.7187062908525,17.8032,31.076001111111115,0.03652380952380952,0.28334648308219657
2026-08-26T23:58:57.844686,1,1200,933.1716223533306,16.2208,31.884696102292768,0.034261904761904764,0.27620007215221987
2026-08-26T23:59:10.610973,2,1200,940.6261810071426,18.6576,34.1158458377425,0.06587698412698413,0.342951525676284
2026-08-27T00:00:02.773417,0,1200,947.683263440715,18.304000000000002,35.656908571428566,0.0309047619047619,0.2942513041509207
2026-08-27T00:00:15.651147,1,1200,939.9177319866952,19.7408,31.83799846560847,0.04913095238095238,0.2846208356453406
2026-08-27T00:00:28.788049,2,1200,936.9071626102655,20.168000000000003,31.230029206349204,0.061412698412698405,0.2947363281542686
2026-08-27T00:01:21.275817,0,1200,929.0771759651794,17.0592,34.58792825396825,0.04309126984126985,0.2875838869648164
2026-08-27T00:01:34.139177,1,1200,940.6938890629245,20.2704,32.785782857142856,0.013242424242424245,0.30220215632943676
2026-08-27T00:01:47.146247,2,1200,942.8939400891634,17.753600000000002,28.038078553791888,0.039619047619047616,0.30550508400176146
2026-08-27T00:02:37.714726,0,1200,945.0744821542892,19.428800000000003,30.277274091710755,0.04606746031746032,0.2849342557530812
2026-08-27T00:02:50.338981,1,1200,941.8962858608318,19.0688,31.326259947089945,0.040761904761904756,0.26287961839174934
2026-08-27T00:03:02.994169,2,1200,929.7921689905107,16.425599999999996,29.67419333333333,0.04726984126984127,0.24505260918373983
2026-08-27T00:03:53.317390,0,1200,942.3043873218191,18.0992,31.364942433862428,0.03183333333333333,0.2814639682171351
2026-08-27T00:04:05.560952,1,1200,943.8234312388311,18.945600000000002,33.76434396825398,0.05094047619047619,0.3206347775367061
2026-08-27T00:04:17.908200,2,1200,921.3185179189875,17.3168,27.992599947089953,0.03688888888888889,0.2953283600906621
2026-08-27T00:05:10.821760,0,1200,932.8672185244732,17.723200000000006,28.345006031746035,0.06642857142857142,0.26816085130703476
2026-08-27T00:05:22.694090,1,1200,943.1827377739801,18.9744,27.853650352733688,0.028452380952380955,0.31105162952726695
2026-08-27T00:05:34.303144,2,1200,938.715703277324,15.692800000000002,25.301950899470906,0.05576190476190476,0.2792382360489778
2026-08-27T00:06:26.121334,0,1200,941.0593454325715,19.246399999999998,28.368931481481482,0.03111111111111111,0.30012482360287207
2026-08-27T00:06:38.838163,1,1200,923.607222588662,17.12,33.61057555555555,0.0391547619047619,0.25742806993835277
2026-08-27T00:06:51.332053,2,1200,943.6459237615701,20.454400000000003,27.48673992945326,0.03338888888888889,0.2851708971829261
2026-08-27T00:07:42.839084,0,1200,937.6946881728738,20.204800000000006,33.58160804232805,0.04411904761904762,0.2949933798563864
2026-08-27T00:07:55.325765,1,1200,936.3192441885552,18.667199999999998,31.39803178130511,0.05017857142857143,0.29990283396361983
2026-08-27T00:08:08.214949,2,1200,934.5047490422163,17.2192,31.284227089947084,0.05628571428571428,0.2958733371484448
2026-08-27T00:09:01.652412,0,1200,942.2935091462974,21.086399999999998,29.079467054673728,0.03148412698412698,0.2708523754272928
2026-08-27T00:09:13.274946,1,1200,926.9787624512137,17.876800000000003,30.884624373897708,0.040202380952380955,0.2907231568986017
2026-08-27T00:09:25.304495,2,1200,937.0706435020065,17.5184,31.220573668430337,0.05442099567099567,0.2657518797042561
2026-08-27T00:11:19.506894,0,1200,932.584422532421,17.9888,34.62750580246914,0.04141269841269841,0.28158824030695456
2026-08-27T00:11:32.471654,1,1200,935.9305851506235,19.504000000000005,29.532510405643738,0.033888888888888885,0.28304017617121335
2026-08-27T00:11:45.492487,2,1200,935.106430858506,16.484800000000003,32.90639051146385,0.05723015873015872,0.28169891442683137
2026-08-27T00:12:39.729540,0,1200,950.0227358291596,17.5552,29.585516472663144,0.03248015873015873,0.2784565788037958
2026-08-27T00:12:52.077213,1,1200,939.8961135657156,18.5472,28.458196754850093,0.03583730158730159,0.31552213950951324
2026-08-27T00:13:04.190573,2,1200,934.1884345986872,18.9264,34.93316423280423,0.045960317460317465,0.3022821348104656
2026-08-27T00:13:56.478087,0,1200,939.5574630922681,18.456000000000003,30.138138888888886,0.009261904761904763,0.2683073656351652
2026-08-27T00:14:09.013337,1,1200,941.3844607454809,20.0624,29.586418994708993,0.03967460317460317,0.28919202748764367
2026-08-27T00:14:21.603043,2,1200,930.0595572797052,18.523200000000003,26.990585996472664,0.06076190476190476,0.2801864559438251
2026-08-27T00:15:13.076956,0,1200,938.4807763336471,18.4656,28.784120458553794,0.03704761904761905,0.29710521591057887
2026-08-27T00:15:25.693608,1,1200,938.5283008929352,16.599999999999998,28.04445259259259,0.04015873015873016,0.27216732765457297
2026-08-27T00:15:38.386035,2,1200,941.8586778788692,19.752000000000002,28.558655608465614,0.040769841269841275,0.2781183376731864
2026-08-27T00:16:30.988680,0,1200,934.8160716594268,17.511999999999997,30.016643809523803,0.044709706959706955,0.28280530572399476
2026-08-27T00:16:42.867844,1,1200,935.1773158631125,17.0928,34.39868560846561,0.047928571428571425,0.3123418151320625
2026-08-27T00:16:54.752015,2,1200,941.7783584461949,16.436799999999998,34.62362814814814,0.036571428571428574,0.26713961781397944
2026-08-27T00:17:47.789824,0,1200,927.388984976347,18.545599999999997,32.54863003527337,0.05006349206349206,0.2624093743058447
2026-08-27T00:18:00.770048,1,1200,940.7111266593331,19.593600000000002,29.257206560846562,0.03431349206349206,0.2991645987760847
2026-08-27T00:18:13.746096,2,1200,938.8160813847633,19.105599999999995,28.319499894179895,0.03926190476190476,0.28117063804014863
2026-08-27T00:19:06.382571,0,1200,931.8120572286628,19.4784,30.122563174603172,0.0560595238095238,0.2964995187611384
2026-08-27T00:19:18.941454,1,1200,942.6814475728942,17.3216,28.857850639730636,0.04213369963369964,0.3054884634992538
2026-08-27T00:19:31.623156,2,1200,937.3590269872556,19.872,26.270376948853617,0.05330952380952381,0.2928923547593863
2026-08-27T00:20:24.023255,0,1200,946.2866342226167,16.1232,29.797498624338623,0.03902380952380953,0.2910831947904497
2026-08-27T00:20:36.264487,1,1200,946.5804860999598,19.068800000000007,28.95156610229277,0.04080555555555556,0.2810924090739335
2026-08-27T00:20:48.218200,2,1200,932.0445712070086,17.153599999999997,28.087046419753083,0.025261904761904767,0.2923873436907508
2026-08-27T00:21:41.244950,0,1200,923.9153580937722,18.4016,34.9746474074074,0.06661904761904762,0.2790347971785919
2026-08-27T00:21:54.411572,1,1200,938.4476109914331,16.4896,28.35199400352734,0.07277380952380952,0.294550488354796
2026-08-27T00:22:07.340650,2,1200,944.4316635695372,18.7952,30.43119862433862,0.025428571428571425,0.2686969155804977
2026-08-27T00:22:59.627419,0,1200,938.2325622867884,17.982400000000002,30.6715980952381,0.03355952380952382,0.2880088512445856
2026-08-27T00:23:11.833140,1,1200,943.0771111085436,18.4208,29.970284656084655,0.03871825396825397,0.2869107192089824
2026-08-27T00:23:24.471715,2,1200,932.5880916003033,17.273600000000002,31.21845091710759,0.03133333333333333,0.28541308676455757
2026-08-27T00:25:19.659768,0,1200,942.8983566498791,17.9504,31.21097518518518,0.03490692640692641,0.29320719222037367
2026-08-27T00:25:32.244016,1,1200,941.919763066676,17.174400000000002,27.8851921340388,0.05021825396825396,0.292395788838612
2026-08-27T00:25:44.910952,2,1200,936.2041295196952,18.169600000000003,33.02252740740741,0.036766233766233766,0.2777247215313632
2026-08-27T00:26:37.381599,0,1200,940.7842475541084,18.1472,31.472960123456783,0.05395238095238095,0.25520998408349915
2026-08-27T00:26:50.040982,1,1200,930.1739782531163,18.065600000000003,30.793051675485014,0.044833333333333336,0.3071921567878983
2026-08-27T00:27:02.799791,2,1200,930.7864574359496,16.4512,30.438289100529097,0.05546428571428572,0.30066672511044434
2026-08-27T00:27:55.676729,0,1200,944.3438987955853,19.4448,32.393814444444445,0.037547619047619045,0.2920051894162415
2026-08-27T00:28:08.688883,1,1200,944.626074966356,21.238400000000002,26.138999700176363,0.07404365079365079,0.3061631479082642
2026-08-27T00:28:21.699438,2,1200,935.4732422770794,18.2848,29.99746342151675,0.08126984126984124,0.2925474613508931
2026-08-27T00:29:13.573410,0,1200,951.1982025984817,18.7904,31.6954971957672,0.041833333333333333,0.30123678237824225
2026-08-27T00:29:26.152943,1,1200,933.5198679820707,17.5984,30.20423313932981,0.048706349206349205,0.27274548589878533
2026-08-27T00:29:38.880547,2,1200,933.3242723507055,21.143999999999995,25.904727777777783,0.054119047619047615,0.28817434701790845
2026-08-27T00:30:32.864750,0,1200,934.3708986873079,19.3456,30.807022945326285,0.036297619047619044,0.29152590318918215
2026-08-27T00:30:45.364439,1,1200,940.1453761689854,17.048000000000002,32.7178451675485,0.05532936507936508,0.28071241196948615
2026-08-27T00:30:57.346584,2,1200,938.7012604521913,18.88,27.819710811287486,0.039857142857142855,0.2808690421557471
2026-08-27T00:31:50.402826,0,1200,946.174621929272,18.855999999999998,31.319695149911812,0.04675,0.2794973810616713
2026-08-27T00:32:02.991390,1,1200,933.8255309159372,17.438400000000005,30.245646984126985,0.027833333333333328,0.280374055728282
2026-08-27T00:32:15.831376,2,1200,948.033344796728,14.9232,30.910925714285717,0.03983333333333333,0.2628242211451729
2026-08-27T00:33:07.834768,0,1200,935.120734843478,18.254399999999997,29.97973679012346,0.025464285714285714,0.3007909122561427
2026-08-27T00:33:20.131710,1,1200,936.6516859480745,17.1904,28.073867777777778,0.040357142857142855,0.27618072506918506
2026-08-27T00:33:33.009839,2,1200,939.4784820065917,17.9216,33.81830455026455,0.029567460317460315,0.2680619250951599
2026-08-27T00:34:27.248713,0,1200,939.9790277591599,17.243199999999998,29.624047760141092,0.037119047619047614,0.28288223699580417
2026-08-27T00:34:40.113115,1,1200,937.5404829780487,19.776,30.65923185185186,0.042666666666666665,0.29984994855391095
2026-08-27T00:34:52.802952,2,1200,934.1849735998962,19.312,32.25781396825397,0.05226190476190476,0.2859221333975182
2026-08-27T00:35:44.478329,0,1200,937.1731956454058,20.961599999999997,29.740915520282183,0.03719444444444445,0.2852288524440488
2026-08-27T00:35:57.318121,1,1200,930.3320080016551,18.358400000000003,31.186810758377423,0.042146825396825405,0.26837647628626393
2026-08-27T00:36:10.256051,2,1200,947.0474849000259,18.4768,31.49595552028218,0.05661904761904761,0.2727597107612625
2026-08-27T00:37:05.269502,0,1200,936.9971526658609,17.3568,28.968526243386247,0.0518968253968254,0.3048213708358456
2026-08-27T00:37:22.095692,1,1200,939.271846450805,18.1728,29.77153941798942,0.030083333333333333,0.28430690669913394
2026-08-27T00:37:37.026008,2,1200,936.1397048482628,16.0352,30.96234671957672,0.03154761904761904,0.2632429994787946
2026-08-27T00:39:35.930971,0,1200,947.4425782572164,19.307199999999998,32.89546296296297,0.04678571428571428,0.28283702321783416
2026-08-27T00:39:48.707069,1,1200,943.2469996787025,19.3328,25.39160189888301,0.04671031746031746,0.2948833891582352
2026-08-27T00:40:01.453999,2,1200,940.2164706905431,15.427200000000003,26.461626560846568,0.0529570707070707,0.27218040727881593
2026-08-27T00:40:53.097019,0,1200,935.5122525421425,18.904,31.016133192239867,0.06498629148629148,0.2976648682837428
2026-08-27T00:41:05.822142,1,1200,941.6432913258225,18.244799999999998,31.117046507936507,0.04912481962481962,0.295927527575731
2026-08-27T00:41:18.483010,2,1200,956.9700663442649,20.8976,29.55218497354497,0.03283333333333333,0.3086481994620786
2026-08-27T00:42:12.092399,0,1200,934.5369488061823,18.488,31.035169100529103,0.0605,0.2926739561589433
2026-08-27T00:42:25.284048,1,1200,937.5843513490157,17.854400000000002,31.181459153439153,0.05507142857142857,0.2561692558695026
2026-08-27T00:42:37.975897,2,1200,938.2356382846607,21.343999999999998,28.869174179894177,0.03178246753246753,0.2976080170888526
2026-08-27T00:43:29.805957,0,1200,940.467240216474,17.003199999999996,28.809270899470903,0.033595238095238095,0.27250631480498816
2026-08-27T00:43:42.623834,1,1200,936.4173766970425,18.8112,31.86889881834215,0.04423809523809523,0.26541989178097464
2026-08-27T00:43:55.431021,2,1200,923.3409823408105,16.982400000000002,29.8403562962963,0.04552380952380953,0.2617328255309255
2026-08-27T00:44:48.610479,0,1200,944.8782349876667,19.075200000000002,28.75812846560847,0.03499206349206349,0.274006669473202
2026-08-27T00:45:01.064051,1,1200,943.9662498760788,20.952,30.66689703703704,0.044825396825396824,0.29681051004466463
2026-08-27T00:45:13.875758,2,1200,929.8533002942266,16.9856,28.170598659611986,0.036642857142857144,0.28949920518721706
2026-08-27T00:46:06.315232,0,1200,934.2002140433301,19.6624,29.43149576719577,0.05081349206349207,0.28100284780288526
2026-08-27T00:46:19.194676,1,1200,943.1541827771441,18.4864,28.56987063492064,0.026134920634920636,0.3046097124960262
2026-08-27T00:46:32.494081,2,1200,945.8925334348442,20.36,30.92462867724868,0.05153571428571428,0.3007974917056241
2026-08-27T00:47:23.908401,0,1200,934.6630766271753,17.2656,30.195360246913584,0.03785714285714285,0.276652125334899
2026-08-27T00:47:36.334041,1,1200,931.812561116414,16.5568,29.955578553791888,0.024190476190476193,0.28569829700837873
2026-08-27T00:47:48.882822,2,1200,934.093575435398,20.5216,29.250534944684947,0.04166666666666667,0.3254729427856251
2026-08-27T00:48:41.464555,0,1200,942.2577980080199,19.376000000000005,32.57778141093475,0.039551587301587296,0.2800327904843886
2026-08-27T00:48:53.778999,1,1200,939.9108188876853,18.9712,27.239614320987663,0.05249999999999999,0.28094676464558566
2026-08-27T00:49:06.426453,2,1200,937.1522914417695,19.6832,34.583555079365084,0.05638095238095238,0.2920100496524612
2026-08-27T00:49:58.693121,0,1200,931.2377648819861,18.4096,32.96913679012346,0.05591666666666667,0.27348724827201054
2026-08-27T00:50:11.322980,1,1200,940.7046733779172,18.124800000000004,29.897474885361554,0.0230995670995671,0.27320113564274195
2026-08-27T00:50:24.050212,2,1200,934.569803888457,17.1696,28.706488095238097,0.027111111111111107,0.28825918481775475
2026-08-27T00:51:15.628194,0,1200,940.1818646228937,17.248,31.225026190476196,0.06302380952380952,0.2811673141057261
2026-08-27T00:51:28.268195,1,1200,939.9628826033894,16.6464,27.762376913580248,0.044142857142857136,0.29573313691959524
2026-08-27T00:51:41.957004,2,1200,934.5350011836495,17.748800000000003,29.674109047619055,0.03446825396825397,0.2850981036184485
2026-08-27T00:53:37.343787,0,1200,947.2543681911136,16.8064,30.124921552028223,0.043642857142857136,0.26894976165647627
2026-08-27T00:53:49.886810,1,1200,939.843544579059,18.0336,34.83532380952381,0.036687229437229435,0.30321322282241747
2026-08-27T00:54:02.470888,2,1200,939.9611070337052,18.300800000000002,31.757694920634922,0.04440873015873017,0.2830977760625983
2026-08-27T00:54:53.881441,0,1200,946.8209693636895,17.8112,33.79948031746032,0.03438095238095238,0.31020452438142937
2026-08-27T00:55:06.650798,1,1200,939.8078655083701,16.918400000000002,32.13735015873016,0.02702777777777778,0.2533890245754633
2026-08-27T00:55:19.468331,2,1200,924.556169029755,15.9056,29.1468480952381,0.03576190476190476,0.2925270355716091
2026-08-27T00:56:12.368952,0,1200,943.7673615959798,19.8416,29.038538095238092,0.03264285714285714,0.2953152590673731
2026-08-27T00:56:24.246026,1,1200,935.5115834081648,18.0448,28.265569894179894,0.038968253968253964,0.30437823041678586
2026-08-27T00:56:35.681058,2,1200,936.8492412975071,17.6496,32.05742603174603,0.026274891774891774,0.27982282499206923
2026-08-27T00:57:27.691451,0,1200,950.4855971744173,17.636799999999997,28.560003403880067,0.01738095238095238,0.29250697260391123
2026-08-27T00:57:40.009932,1,1200,933.8844531186221,19.8336,29.188801746031746,0.03197222222222222,0.28241614108842805
2026-08-27T00:57:52.494840,2,1200,950.7801782653795,18.550400000000003,33.250617301587305,0.05232142857142856,0.28636495965834086
2026-08-27T00:58:44.342679,0,1200,943.1563666162948,18.104,28.12572349206349,0.03238095238095238,0.30367597110343153
2026-08-27T00:58:57.050742,1,1200,938.6389115301105,18.9248,33.6443244973545,0.05501190476190477,0.30829661650209994
2026-08-27T00:59:09.632967,2,1200,942.8293760148694,20.5344,29.46505287477955,0.05885714285714286,0.2757480125142312
2026-08-27T01:00:02.357484,0,1200,936.906183065407,18.0432,25.09810453262786,0.025607142857142856,0.31002895430232813
2026-08-27T01:00:14.266500,1,1200,942.2420362974655,20.819199999999995,29.04951929453263,0.04820490620490621,0.31076545924159493
2026-08-27T01:00:26.495379,2,1200,942.1438871339141,19.020799999999998,28.204226807760143,0.04769047619047619,0.3006598711951934
2026-08-27T01:01:19.107337,0,1200,929.8841756405491,17.523200000000003,30.367191358024687,0.030535714285714284,0.2971772262021241
2026-08-27T01:01:31.618239,1,1200,943.610218814694,15.9328,29.14028825396825,0.030511904761904764,0.30534905189255307
2026-08-27T01:01:44.105313,2,1200,935.8773665049681,16.115199999999998,30.62218776014109,0.028523809523809524,0.27300310321580673
2026-08-27T01:02:35.297652,0,1200,937.7896442858939,18.3616,32.495987319223985,0.04583333333333333,0.2679106368779233
2026-08-27T01:02:47.913248,1,1200,925.4302208878581,18.371199999999998,35.24344289241623,0.06766666666666665,0.2683425595287495
2026-08-27T01:03:00.616427,2,1200,933.8693710945284,15.7456,29.533005432098772,0.04638492063492063,0.27545964729557654
2026-08-27T01:03:51.681724,0,1200,934.7923771368581,19.1472,29.350293421516756,0.06571500721500721,0.2874912991605308
2026-08-27T01:04:03.870076,1,1200,941.1273337012606,18.1072,29.546593650793653,0.023596320346320344,0.26037075085593264
2026-08-27T01:04:16.266935,2,1200,940.7768468673947,17.734400000000004,31.398119474106142,0.03821212121212121,0.29622699187433915
2026-08-27T01:07:20.305248,0,1500,1309.5656647279282,42.1184,27.71599330155441,0.0467997557997558,0.31011672548351615
2026-08-27T01:07:39.816243,1,1500,1311.366769959686,41.751999999999995,24.625024751729754,0.03475546675546676,0.31557217810852795
2026-08-27T01:11:24.585749,0,1500,1307.7031874224467,40.7856,26.934527714466604,0.04589826839826839,0.3002605674977275
2026-08-27T01:11:45.394396,1,1500,1310.856465801814,45.48000000000001,29.467927385145718,0.04436808044896281,0.3227287099957929
2026-08-27T01:13:29.586128,0,1500,1308.2787945655755,45.176000000000016,23.647185669721228,0.04336832611832611,0.3234868139867812
2026-08-27T01:13:50.403260,1,1500,1311.0019038249159,44.398399999999995,27.29111813581481,0.036363719613719606,0.32697253540527876
2026-08-27T01:15:34.494270,0,1500,1306.3909363552166,41.6112,25.641441833598506,0.049610840913472495,0.3143280776799378
2026-08-27T01:15:53.986402,1,1500,1307.7301806685166,44.04479999999999,28.301261129940013,0.05578954378954379,0.3386306946106057
2026-08-27T01:17:37.371769,0,1500,1313.4480579857234,43.3904,27.68488218129607,0.048106060606060604,0.3215803847266834
2026-08-27T01:18:00.187714,1,1500,1316.9413856683152,39.9616,26.922837219817225,0.06297050172050173,0.30778096290072415
2026-08-27T01:19:53.065330,0,1500,1314.7112598329556,41.8176,25.573601159046717,0.05305368242868243,0.32195305757368414
2026-08-27T01:20:14.651493,1,1500,1311.4435953454383,45.318400000000004,25.24096452624959,0.032986333111333116,0.32819828082024927
2026-08-27T01:21:58.387857,0,1500,1311.6225541546348,40.89919999999999,28.238838181489296,0.04189120601620602,0.30688351927962104
2026-08-27T01:22:18.545557,1,1500,1314.065918726977,40.1728,27.151753709089267,0.03913947163947164,0.30741455059546685
2026-08-27T01:24:02.899176,0,1500,1312.1343022748779,42.4352,28.079207367324035,0.04493636918636918,0.30529834912087184
2026-08-27T01:24:22.792851,1,1500,1311.6259550282414,39.608000000000004,24.244233339746685,0.044754995004995,0.2980248940418728
2026-08-27T01:26:06.595279,0,1500,1312.1268785849115,43.096,24.530291336646886,0.04502468364968365,0.3219933904147227
2026-08-27T01:26:27.762004,1,1500,1316.825900893102,39.327999999999996,25.331611870845204,0.028547369297369295,0.30330119590898147
2026-08-27T01:28:12.744395,0,1500,1310.8059135732287,42.5488,24.845813431897323,0.03308139083139083,0.3151655924286494
2026-08-27T01:28:33.769413,1,1500,1307.7761701012428,37.6912,25.820563791763792,0.0421168831168831,0.2993356114680195
2026-08-27T01:30:22.626329,0,1500,1316.2859276905062,39.9088,25.743403088845316,0.04676521517697989,0.3073092949413165
2026-08-27T01:30:42.383138,1,1500,1309.4315641486048,41.35839999999999,27.178171744263963,0.04810650460650462,0.31488387974334237
2026-08-27T01:34:17.276021,0,1500,1310.0292390666682,42.7504,24.630474485308927,0.036773268398268395,0.319772597713788
2026-08-27T01:34:36.978997,1,1500,1312.8447345319403,41.913599999999995,24.977574656290216,0.052330502830502834,0.3113227705912768
2026-08-27T01:36:26.799491,0,1500,1314.1214245041397,40.38720000000001,30.205488514119626,0.050863580863580865,0.3082774646555487
2026-08-27T01:36:46.805419,1,1500,1309.7908667756174,40.337599999999995,26.315360148699032,0.04602500277500278,0.3116143337977641
2026-08-27T01:38:29.386766,0,1500,1306.0130380231478,39.563199999999995,26.953266508799846,0.041430014430014435,0.2937989374292476
2026-08-27T01:38:50.560206,1,1500,1308.1595356142932,42.792,24.835979127689065,0.0445822869940517,0.320911550963319
2026-08-27T01:40:33.678810,0,1500,1303.3485342011334,43.795199999999994,26.01706246893025,0.03718104118104117,0.32868818604887723
2026-08-27T01:40:53.532826,1,1500,1316.868104051461,46.7184,27.978264731318067,0.05254967413907042,0.33504792861167165
2026-08-27T01:42:36.386080,0,1500,1304.744233288394,40.6224,28.292499557500115,0.03397075147075147,0.3091303665182801
2026-08-27T01:42:58.331768,1,1500,1308.9969090429029,40.70399999999999,27.862217428704195,0.04416630591630592,0.30743089813356494
2026-08-27T01:44:44.269112,0,1500,1311.7538727235835,38.496,25.73980305131083,0.03262648462648463,0.2971055307657039
2026-08-27T01:45:05.836647,1,1500,1308.0745520731743,39.3424,28.17471124334514,0.04739929514929514,0.30448053902501654
2026-08-27T01:46:50.987805,0,1500,1309.9407213937075,40.5152,25.859308322459434,0.04773659673659674,0.3044665995937248
2026-08-27T01:47:11.115306,1,1500,1309.3196836218974,39.45439999999999,26.41882526247415,0.034635503385503384,0.29642221245859196
2026-08-27T01:48:55.322505,0,1500,1307.548514155341,39.718399999999995,27.3287071884083,0.050171300921300926,0.31582686226126333
2026-08-27T01:49:16.860958,1,1500,1308.6913083217844,42.696000000000005,26.354576054089943,0.05614637405078581,0.31832800019543944
2026-08-27T01:51:14.846447,0,1500,1313.5375711105319,41.601600000000005,27.024463456790123,0.057301698301698296,0.3204816325947886
2026-08-27T01:51:35.171795,1,1500,1306.069005277748,40.4656,24.644889578857356,0.04231367243867244,0.2934994559736591
2026-08-27T01:53:19.762866,0,1500,1309.9881495215498,41.921600000000005,26.8135588866834,0.03635786435786435,0.30862636977600644
2026-08-27T01:53:41.217537,1,1500,1313.9027887302561,38.7296,26.546631348610234,0.04337456987456987,0.3037212795294802
2026-08-27T01:57:06.941372,0,1500,1310.6952328072864,41.22080000000001,27.91856677585788,0.04538672438672439,0.30812592044459985
2026-08-27T01:57:27.095342,1,1500,1307.5639427494787,42.61119999999999,24.544557078353748,0.05156905431170137,0.3206584440552633
2026-08-27T01:59:15.720132,0,1500,1310.7590718910792,45.28,24.549602074715402,0.02644378660555131,0.32643472793311007
2026-08-27T01:59:35.721275,1,1500,1311.7822852119216,40.583999999999996,28.265958866405928,0.04731523009154588,0.31303460503365815
2026-08-27T02:01:19.932160,0,1500,1311.5009057688146,41.1904,27.792348533582132,0.03974730824730825,0.3082334265451134
2026-08-27T02:01:41.210177,1,1500,1310.16373723019,41.423999999999985,23.467513988613653,0.04535778110778111,0.304178254983781
2026-08-27T02:03:24.821562,0,1500,1312.4709874901553,40.3024,25.964454865093753,0.042933774558774555,0.3261127600503858
2026-08-27T02:03:44.386323,1,1500,1313.8871388997743,41.497600000000006,24.39078821141821,0.04058921633921633,0.3225280107283946
2026-08-27T02:05:27.885280,0,1500,1307.9587919213336,42.6768,25.18444631695465,0.06948720723720724,0.31378323672177144
2026-08-27T02:05:49.298296,1,1500,1308.4450142144785,45.2016,24.70314812960702,0.05846331446331446,0.32143987035504096
2026-08-27T02:07:32.427375,0,1500,1307.3777910007784,42.58240000000001,23.904251711232362,0.0477422854922855,0.3134517737603398
2026-08-27T02:07:52.194616,1,1500,1310.9612209201027,41.168,25.034616358198814,0.05507031857031856,0.3022329904353465
2026-08-27T02:09:36.255083,0,1500,1303.9005742957147,40.5552,28.040328899310566,0.04676021201021202,0.3140782735656497
2026-08-27T02:09:57.309463,1,1500,1309.8714919893105,39.763200000000005,29.585685118831794,0.057233044733044726,0.3075956982136271
2026-08-27T02:11:43.566808,0,1500,1309.6407186367635,43.6976,27.002667433677438,0.043764485514485515,0.31857228417975575
2026-08-27T02:12:05.318048,1,1500,1308.830349389031,43.1456,28.43428879482657,0.04890240315240315,0.31384022449215565
2026-08-27T02:13:51.082159,0,1500,1309.9991030932044,40.38239999999999,26.34192958510625,0.04363344988344989,0.30656104772923687
2026-08-27T02:14:11.126317,1,1500,1308.8666152644385,45.2272,27.195118012173012,0.045360241066123415,0.32018628877878796
2026-08-27T02:15:55.142375,0,1500,1312.5092682625498,40.080000000000005,25.886294580316804,0.03231426906426906,0.30475106865529433
2026-08-27T02:16:16.060574,1,1500,1316.0612586017176,41.808,27.66459453986343,0.04083033633033633,0.3012244698343968
2026-08-27T02:19:44.102779,0,1500,1313.3724332535724,46.34559999999998,25.43857481261537,0.04713594738594739,0.31784380966248094
2026-08-27T02:20:05.726876,1,1500,1312.7580820101475,44.495999999999995,26.618756153504286,0.043929059244848724,0.3448887768036185
2026-08-27T02:21:51.912956,0,1500,1310.019898574337,40.1344,29.08525916388139,0.0374536852036852,0.3005145663383309
2026-08-27T02:22:12.036321,1,1500,1313.7448503121154,41.1888,26.22150119489565,0.04445559995559996,0.3108673890740357
2026-08-27T02:23:58.574462,0,1500,1310.5746530887366,40.3728,28.812042920289592,0.03511133311133311,0.30825089863260635
2026-08-27T02:24:18.523091,1,1500,1305.7068810733188,39.7824,27.205473186237633,0.038037618212540814,0.3028902423449186
2026-08-27T02:26:12.678911,0,1500,1316.0285165454595,41.902399999999986,26.446176419177533,0.04259931734931735,0.31320976131114175
2026-08-27T02:26:32.226835,1,1500,1309.7053729540212,40.2512,27.392002313077867,0.04100468975468975,0.3117950791797014
2026-08-27T02:28:15.505794,0,1500,1311.5520744328285,38.0496,25.207406130248355,0.06236938061938062,0.28876135756974763
2026-08-27T02:28:36.736144,1,1500,1307.3719336385413,38.4032,26.36106727823617,0.050421842046842046,0.29817673995156313
2026-08-27T02:30:21.129749,0,1500,1305.1204452316808,40.3904,25.875916804306804,0.04137468087468087,0.31591144456141707
2026-08-27T02:30:41.145299,1,1500,1311.8027495028057,42.155199999999994,27.172813661400326,0.05079831992912489,0.3231088014034676
2026-08-27T02:32:25.292403,0,1500,1313.8832385482344,45.419200000000004,26.787550996452104,0.048347846597846605,0.3206756361243713
2026-08-27T02:32:46.667798,1,1500,1308.8254294011892,41.696000000000005,25.947069583425524,0.04807844932844932,0.3184083524824654
2026-08-27T02:34:29.852375,0,1500,1307.018039552969,43.12479999999999,26.053220066558946,0.04979795204795204,0.32428199851925865
2026-08-27T02:34:49.652733,1,1500,1309.1247906738915,41.0736,27.27845250609473,0.039295815295815294,0.3128931983139181
2026-08-27T02:36:33.642289,0,1500,1304.3928346036432,39.3696,27.504630192215192,0.04583261183261182,0.2948721181219253
2026-08-27T02:36:54.848299,1,1500,1311.6022799809714,44.0512,27.498410546551003,0.041225649350649346,0.3220593465321391
2026-08-27T02:38:37.952862,0,1500,1314.783018078482,44.71360000000001,26.99434753727754,0.04186051448551449,0.31963855580704964
2026-08-27T02:38:58.329193,1,1500,1312.69079576227,41.928000000000004,25.186099153336375,0.039124222999222996,0.3258231677177115
2026-08-27T02:42:25.915993,0,1500,1312.2566549213552,45.576,27.472866708435603,0.05433524151287309,0.3190630682321768
2026-08-27T02:42:45.537285,1,1500,1313.6003470479645,42.8096,26.22163062205285,0.04684965034965036,0.3283355082415503
2026-08-27T02:44:33.495216,0,1500,1309.4343397268551,41.80960000000001,25.551921505284835,0.04679610667110667,0.3154019160662674
2026-08-27T02:44:53.532534,1,1500,1315.3140024246843,38.7344,26.79766772507329,0.035375985125985124,0.30039186848080107
2026-08-27T02:46:35.223325,0,1500,1314.8809743793615,42.4352,27.50581817228039,0.04499433899433899,0.31769032752061094
2026-08-27T02:46:55.833215,1,1500,1310.3132420767965,39.065599999999996,26.866458597431368,0.050003883543357226,0.30785945856539737
2026-08-27T02:48:41.116622,0,1500,1310.087461632755,42.36960000000001,25.964114932433816,0.05140523365523366,0.3216953443837982
2026-08-27T02:49:01.064871,1,1500,1311.2763128401002,44.0336,25.90575721852222,0.058148490398490404,0.31824819102104807
2026-08-27T02:50:55.376067,0,1500,1309.408324565407,38.0832,27.687812849126185,0.04583927183927184,0.30035611435353127
2026-08-27T02:51:15.172973,1,1500,1311.393928101278,44.7152,26.303965810485817,0.05168739593739593,0.327598732167024
2026-08-27T02:52:59.901415,0,1500,1305.931350195319,43.83040000000002,27.798437816257817,0.040053391053391056,0.32140097607323037
2026-08-27T02:53:20.100992,1,1500,1307.7299886083376,41.9952,25.989611774316216,0.033089327339327346,0.3004831756848437
2026-08-27T02:55:02.614319,0,1500,1310.9905823936613,42.42400000000001,25.785342865241752,0.04867191795132971,0.31964615568075905
2026-08-27T02:55:22.234813,1,1500,1305.4761394574693,38.84479999999999,26.367621797461798,0.060046467421467416,0.2934797093594829
2026-08-27T02:57:06.925797,0,1500,1307.0361797771122,42.444799999999994,27.96689577038188,0.038820138195138194,0.3125500446408264
2026-08-27T02:57:27.198039,1,1500,1312.0773984921327,39.46079999999999,27.969431501379276,0.052716838716838715,0.3046967914074471
2026-08-27T02:59:09.905385,0,1500,1307.831666613291,42.047999999999995,25.929451892099667,0.07263591963591963,0.31716642666033684
2026-08-27T02:59:30.217388,1,1500,1307.4039653632644,43.7936,26.13909520125965,0.04564785214785214,0.3257327618889461
2026-08-27T03:01:14.063791,0,1500,1310.1879719171166,40.06399999999999,27.45505092878315,0.046113636363636364,0.3119093028185212
2026-08-27T03:01:34.218539,1,1500,1316.0303313775892,43.32800000000001,23.859275725221277,0.05226584526584526,0.32223157798499025
2026-08-27T03:04:59.244141,0,1500,1312.5847773028447,41.58559999999999,26.386124635734635,0.04918020868020868,0.30780265834663995
2026-08-27T03:05:19.711645,1,1500,1310.5730560896443,43.57920000000001,27.550823227431007,0.05089470251970251,0.3155799731269446
2026-08-27T03:07:03.377181,0,1500,1312.1450163037125,42.686400000000006,24.53133719268602,0.040071666895196305,0.3208576407548211
2026-08-27T03:07:23.020946,1,1500,1313.948693981495,43.13919999999999,26.228314401627177,0.04546284271284271,0.33374913501279724
2026-08-27T03:09:05.115709,0,1500,1312.4014241790835,38.7536,29.44292916205315,0.0433516761016761,0.2993099940453386
2026-08-27T03:09:25.222621,1,1500,1313.131594179342,43.278400000000005,27.498225821133598,0.056188214563214565,0.31531628008591983
2026-08-27T03:11:08.721015,0,1500,1307.630757862617,39.9728,25.477566310849642,0.03786922636187342,0.3109451870080153
2026-08-27T03:11:28.538102,1,1500,1311.1794414703193,43.820800000000006,25.602461394510843,0.027173035298035296,0.32008009374947144
2026-08-27T03:13:11.255196,0,1500,1312.7651013175205,39.7248,27.47428508043397,0.027476190476190477,0.3011076190638286
2026-08-27T03:13:32.357617,1,1500,1313.5370494950287,41.827200000000005,28.214299386971057,0.06139674214674215,0.31339704602219454
2026-08-27T03:15:15.775778,0,1500,1306.2472551151777,44.460800000000006,26.25954986412764,0.04699714827656004,0.32521447699917
2026-08-27T03:15:35.391652,1,1500,1310.5532182317543,39.3824,27.547577344877347,0.033133089133089134,0.3069261197022939
2026-08-27T03:17:16.933314,0,1500,1309.0197746104986,40.28959999999999,26.211586629543298,0.05321681096681096,0.29976569091290367
2026-08-27T03:17:39.200450,1,1500,1303.2911142313894,39.4016,25.60676042985821,0.038763791763791765,0.3081746202689261
2026-08-27T03:19:23.730718,0,1500,1308.4090350126746,43.854399999999984,26.57704138304083,0.0511732017982018,0.3285112893865177
2026-08-27T03:19:43.301298,1,1500,1308.6073638540647,44.46720000000001,26.434992362082365,0.04305811586074744,0.31882741478866405
2026-08-27T03:21:26.102887,0,1500,1317.6075668064898,43.675200000000004,27.40220600946379,0.03935636585636586,0.324560212101647
2026-08-27T03:21:47.180504,1,1500,1311.8196842669415,42.001599999999996,26.224665589636707,0.053193389943389936,0.3132789281966518
2026-08-27T03:23:29.927301,0,1500,1307.129461492338,43.574400000000004,25.15252323610546,0.04802786102786103,0.33305091141496956
2026-08-27T03:23:49.790554,1,1500,1306.4553133466122,42.156800000000004,28.709541103896104,0.0522114992850287,0.3200269727590128
2026-08-27T03:27:15.533513,0,1500,1308.9987106488409,40.5984,27.459466735774516,0.03861974136974136,0.31529299810684447
2026-08-27T03:27:36.383852,1,1500,1305.7006420080804,43.76480000000001,25.26175070320626,0.054534937284937295,0.31002730301929476
2026-08-27T03:29:19.771171,0,1500,1315.255300527306,38.544,25.39833351068684,0.041801198801198806,0.31317617108586737
2026-08-27T03:29:38.968183,1,1500,1311.2197138003419,43.0848,28.428281555851562,0.04667493617493618,0.31336784995308653
2026-08-27T03:31:24.536045,0,1500,1309.749777726989,40.952000000000005,26.860353347352234,0.04104673104673104,0.29968594995911046
2026-08-27T03:31:44.422622,1,1500,1311.6178339952965,41.272,27.901421493614112,0.06026640026640027,0.3189291581264097
2026-08-27T03:33:27.340442,0,1500,1310.1533323488811,46.275200000000005,26.187461461131466,0.05272194472194472,0.3244089563187138
2026-08-27T03:33:47.632460,1,1500,1306.978654257685,42.1136,25.775338778279338,0.04907079032079032,0.3184047316140649
2026-08-27T03:35:31.392805,0,1500,1310.0425740205403,40.716800000000006,24.467919692858587,0.039782891944656645,0.31845394840070307
2026-08-27T03:35:50.625862,1,1500,1310.3835957734343,39.5104,27.53292929342263,0.04492051249404191,0.3056602976608801
2026-08-27T03:37:34.042074,0,1500,1313.5634469931158,41.30079999999999,26.413667796483352,0.03744859307359307,0.2999311165593806
2026-08-27T03:37:54.360971,1,1500,1307.1183495552461,44.2624,26.283807510061955,0.06075990675990676,0.31331581029193584
2026-08-27T03:39:37.305747,0,1500,1305.8102079685334,42.385600000000004,27.865148863687754,0.026284021534021536,0.3099779986489511
2026-08-27T03:39:56.607424,1,1500,1310.8725023195602,41.5344,27.14718434137879,0.048435619935619935,0.3097417341411994
2026-08-27T03:41:56.282713,0,1500,1313.5407160693305,41.873599999999996,25.65373390919901,0.043216967243283035,0.30377265325763997
2026-08-27T03:42:16.282392,1,1500,1307.152685624971,40.455999999999996,25.326915172543508,0.04686278998778999,0.31084749134710415
2026-08-27T03:43:58.371959,0,1500,1311.3041254946763,43.233599999999996,26.76766989087166,0.05714588026352732,0.3227352180572733
2026-08-27T03:44:19.495253,1,1500,1311.4065910669938,41.088,25.519610685898463,0.04463181099945806,0.31961308844939323
2026-08-27T03:46:01.241798,0,1500,1310.5348872027923,40.480000000000004,26.44399209555876,0.04982689532689533,0.3030445179013345
2026-08-27T03:46:20.907357,1,1500,1308.976477285528,43.8,24.967948246367527,0.030456154956154956,0.32494891813855387
2026-08-27T03:49:44.049079,0,1500,1306.3380009531063,39.396800000000006,27.049832660446544,0.045108225108225104,0.2949844627825063
2026-08-27T03:50:04.929155,1,1500,1315.6375701259904,42.80479999999999,25.939563335697226,0.05446725496725496,0.3180047290929104
2026-08-27T03:51:49.306088,0,1500,1310.8856804084478,41.3648,24.3793417285184,0.05580431556747346,0.3112786614495231
2026-08-27T03:52:08.805816,1,1500,1307.9935830814659,41.7104,25.359880026270027,0.046205960705960704,0.31242667685815567
2026-08-27T03:53:51.210433,0,1500,1311.6174404956391,42.1568,27.33671345938013,0.044001443001443,0.32402417129990424
2026-08-27T03:54:12.169621,1,1500,1306.4022187858027,40.940799999999996,25.647607671041133,0.05596275946275946,0.31036804785061434
2026-08-27T03:55:55.083098,0,1500,1314.4532090730513,44.6592,25.86340002943559,0.0558430735930736,0.32793003177557645
2026-08-27T03:56:14.703593,1,1500,1303.716187352972,41.19520000000001,28.192472709224933,0.062283411033411035,0.29894362834452953
2026-08-27T03:58:13.138388,0,1500,1303.7841038678898,39.86879999999999,29.227135986277098,0.056383116883116875,0.3003078750131147
2026-08-27T03:58:34.532772,1,1500,1308.2421894834329,46.58880000000001,27.179812996283555,0.05150987900987901,0.3200863251241919
2026-08-27T04:00:16.884017,0,1500,1312.0141334521313,43.16799999999999,26.51825171081158,0.051573981573981575,0.33115338912092696
2026-08-27T04:00:36.425892,1,1500,1309.9783231725116,40.3408,25.405068686005357,0.05646843434343435,0.29903438697511836
2026-08-27T04:02:18.423665,0,1500,1311.0682764917765,39.0368,25.105850846437516,0.04700617438117439,0.3016177363748249
2026-08-27T04:02:39.059243,1,1500,1310.3803574437968,44.871999999999986,28.23674994591828,0.04659593184593183,0.3268589321088543
2026-08-27T04:04:22.868367,0,1500,1306.686543962944,40.254400000000004,26.784159754155315,0.05046179637356109,0.30989949533275973
2026-08-27T04:04:42.469921,1,1500,1305.341695662418,42.2064,27.115738328009442,0.051558219558219556,0.3177751954656853
2026-08-27T04:06:24.127811,0,1500,1306.8351452923662,41.6896,25.339624656845217,0.05290127927627928,0.3155106310921471
2026-08-27T04:06:44.675165,1,1500,1306.6672763544236,40.5344,24.569706554022115,0.04734454434454435,0.32527075194865923
2026-08-27T04:08:45.194003,0,1500,1307.5061701961024,42.136,29.114173883544446,0.03727536352536352,0.3045987370088295
2026-08-27T04:09:05.067592,1,1500,1308.8010353963357,45.507200000000005,25.740469315612373,0.041481859643624344,0.3201490541176184
2026-08-27T04:12:31.744508,0,1500,1308.4256242782574,41.1504,26.71324246231135,0.04446681096681096,0.3119931919939261
2026-08-27T04:12:53.948230,1,1500,1310.8534420365643,40.8416,26.217359691070246,0.04376782367958839,0.3128832402977412
2026-08-27T04:14:38.618529,0,1500,1307.8950867688554,37.9136,26.173619508845057,0.055394355644355645,0.29451117186555
2026-08-27T04:14:58.825012,1,1500,1309.1547994128387,40.7104,28.527594439839994,0.04962323787323787,0.31537286234607975
2026-08-27T04:16:44.097853,0,1500,1311.2072986367727,42.35520000000001,26.709267513083628,0.05009948384948384,0.3030762973076168
2026-08-27T04:17:03.819105,1,1500,1313.164468765043,40.152,26.520699403333293,0.047082204345362234,0.3035563173432566
2026-08-27T04:18:45.751019,0,1500,1310.6514412056536,45.63359999999999,25.778125400402065,0.040681401931401934,0.33481916754183305
2026-08-27T04:19:05.674248,1,1500,1303.8129706815305,38.772800000000004,27.065642773234995,0.03453174603174603,0.3000441814995272
2026-08-27T04:20:49.846239,0,1500,1307.5609254856174,38.926399999999994,26.041607828447273,0.05238708513708514,0.30662312751902254
2026-08-27T04:21:09.224601,1,1500,1309.439273764466,40.0912,27.226249244130354,0.03614430014430014,0.3048994093247152
2026-08-27T04:22:50.705966,0,1500,1311.206217373801,42.6544,26.262725716341276,0.03405613830613831,0.3119947959525577
2026-08-27T04:23:10.203265,1,1500,1309.6054147937018,43.6192,25.878106604547714,0.04167762646710015,0.3202419814198747
2026-08-27T04:24:53.576290,0,1500,1309.1398171140218,43.69279999999999,24.69926969051525,0.03336638361638361,0.3186699032068472
2026-08-27T04:25:13.519325,1,1500,1312.5944171586818,40.80159999999999,25.57766937704271,0.05296287046287046,0.3074551490839545
2026-08-27T04:26:54.817878,0,1500,1309.8335384454372,41.52800000000001,26.37927609217943,0.03876372238872239,0.30568207503285266
2026-08-27T04:27:13.939355,1,1500,1312.044563167307,37.6992,26.889671670346114,0.026933546845311553,0.299338256218472
2026-08-27T04:28:56.122785,0,1500,1312.0092408245862,46.0704,27.12440254231365,0.05681969827558062,0.33052548760881706
2026-08-27T04:29:17.252742,1,1500,1308.0894448766098,39.9872,25.75695466207661,0.028069448525330883,0.31845804113838605
2026-08-27T04:31:02.074217,0,1500,1312.2628861708674,41.69919999999999,25.54454046455602,0.04292130092130091,0.31232672366781705
2026-08-27T04:31:21.509395,1,1500,1312.1433481016459,42.3984,27.006056443844223,0.05204109779109779,0.31295227511586027
2026-08-27T04:34:47.414132,0,1500,1304.926347039405,40.3424,24.930219239155903,0.048982656232656234,0.3063988913753766
2026-08-27T04:35:08.261281,1,1500,1311.7750573420765,40.8576,26.371021992390318,0.047399794649794644,0.3061922431744486
2026-08-27T04:36:51.219137,0,1500,1309.283580743697,41.792,28.660324065358513,0.04487024087024087,0.3141142886762833
2026-08-27T04:37:11.513575,1,1500,1308.9708049447338,45.676800000000014,25.824734386406377,0.04454075744516921,0.32749864452649263
2026-08-27T04:39:11.775055,0,1500,1312.0412113925038,43.90240000000001,27.216193525075745,0.04180826118326118,0.3177781896485586
2026-08-27T04:39:32.584333,1,1500,1307.0155542236278,42.622400000000006,25.184276037296037,0.05059469696969697,0.3072657723275458
2026-08-27T04:41:14.329798,0,1500,1317.8459076057627,40.5424,24.536388364701146,0.045861943611943616,0.31786907875115544
2026-08-27T04:41:33.493469,1,1500,1311.6946999550619,39.8128,27.95419459369848,0.028425185925185927,0.3089024208014321
2026-08-27T04:43:15.462506,0,1500,1307.7565104136872,40.45119999999999,26.019305112007327,0.04867177267177267,0.308775399995887
2026-08-27T04:43:35.753806,1,1500,1311.6391139251273,43.2944,25.272649133911358,0.05341129703629703,0.32172368109345045
2026-08-27T04:45:19.181042,0,1500,1307.3765510185995,44.932799999999986,27.276281391378816,0.05360916860916861,0.3268898550137555
2026-08-27T04:45:38.556732,1,1500,1306.6750225170003,43.3008,24.54412337259448,0.04588147963147962,0.318524564378901
2026-08-27T04:47:20.510556,0,1500,1303.48432093601,42.56,25.90903351679185,0.04461087523587523,0.3277826756276738
2026-08-27T04:47:40.669237,1,1500,1308.3651680315766,42.03199999999999,29.737884905300458,0.0407912642912643,0.31193735680792356
2026-08-27T04:49:41.303948,0,1500,1304.3198896394435,39.632000000000005,23.117541652133877,0.04664593739593739,0.3113067690127939
2026-08-27T04:50:02.258415,1,1500,1309.6009039038292,40.8368,25.910735967448186,0.03706809856809857,0.3067824194695848
2026-08-27T04:51:45.310154,0,1500,1313.6977890759765,44.4464,25.737999110313563,0.03753893328893329,0.3253764622492536
2026-08-27T04:52:04.725169,1,1500,1313.563567793427,42.1184,23.166210581866686,0.04578446553446553,0.31573742580672
2026-08-27T04:53:47.053437,0,1500,1309.067787587909,44.47999999999999,25.040914882853773,0.03680552780552781,0.32779985888234486
2026-08-27T04:54:07.746681,1,1500,1315.6172838445048,39.758399999999995,25.575537824274498,0.031416527916527916,0.2985960583184425
2026-08-27T04:57:33.961086,0,1500,1311.0998724805836,40.950399999999995,27.54471332827666,0.05548622211122211,0.31286198605210896
2026-08-27T04:57:53.675830,1,1500,1313.356456531799,43.6832,25.55208947237947,0.04627519702519702,0.3154444359833726
2026-08-27T04:59:39.994443,0,1500,1301.9754561964826,41.74719999999999,24.758924131239134,0.03375331041507512,0.31813171217658065
2026-08-27T04:59:59.543054,1,1500,1315.2270272981914,40.224000000000004,25.59897228742451,0.038153852683264454,0.3097982831896372
2026-08-27T05:01:42.650928,0,1500,1310.3972287837194,41.462399999999995,26.92200200737535,0.03345479928568164,0.30789247325878893
2026-08-27T05:02:02.941694,1,1500,1303.0250857827675,40.90559999999999,24.81393748680271,0.060398313674629465,0.3039211962321612
2026-08-27T05:03:45.091883,0,1500,1311.9695233542127,40.10399999999999,25.01377699814589,0.049310939060939064,0.2996812752794901
2026-08-27T05:04:04.198592,1,1500,1309.0708897623356,41.0112,25.765812355874584,0.05190649628149628,0.30997368456268093
2026-08-27T05:05:45.813602,0,1500,1314.041204045074,40.217600000000004,25.98816344741678,0.0432023532023532,0.31372708328400395
2026-08-27T05:06:04.819750,1,1500,1308.864410892547,39.76959999999999,26.002244529503418,0.031827061827061826,0.3157159557169096
2026-08-27T05:07:47.409344,0,1500,1313.8932421681804,39.51520000000001,26.66390677298011,0.04327715585068526,0.3060391832458694
2026-08-27T05:08:07.608090,1,1500,1307.9268116314856,40.2208,26.694508294791625,0.045647186147186145,0.3125006692679156
2026-08-27T05:09:50.317834,0,1500,1305.7469244711897,39.976,26.519672322451214,0.04874866799866799,0.30815822814653865
2026-08-27T05:10:09.889436,1,1500,1314.8066969033903,40.6704,26.309613535846864,0.03695615495615495,0.31701606481665917
2026-08-27T05:11:52.315320,0,1500,1310.6883771632538,42.006400000000006,25.22095896017563,0.051754301254301256,0.32022654845752263
2026-08-27T05:12:13.161368,1,1500,1310.163632089689,43.888000000000005,25.737581688147248,0.05071248196248196,0.32414231338360866
2026-08-27T05:13:54.655676,0,1500,1306.3524590171887,42.232,23.812683215796554,0.044360389610389614,0.3089713678975001
2026-08-27T05:14:13.939388,1,1500,1308.5187727457997,42.43200000000001,24.327596912367472,0.04724286824286825,0.32528881394374687
2026-08-27T05:15:56.048187,0,1500,1314.2905182202928,42.95040000000001,26.3531937134676,0.04471395271395272,0.3184843654882182
2026-08-27T05:16:16.854424,1,1500,1313.9165737463902,42.36159999999999,26.170556325855213,0.03845300532800533,0.3090296901384368
2026-08-27T05:19:54.018206,0,1500,1311.993854391143,42.6144,25.752533283876623,0.02838167388167388,0.322889459098192
2026-08-27T05:20:13.305605,1,1500,1312.2159174604546,40.919999999999995,28.91309841673246,0.03071151915717133,0.3150714682878225
2026-08-27T05:21:58.441607,0,1500,1310.2123252984968,39.721599999999995,28.880112791241682,0.04578807303807304,0.3111786702545507
2026-08-27T05:22:19.347180,1,1500,1306.815388867198,40.3744,27.96410485812541,0.04548862102809471,0.31869787168825175
2026-08-27T05:24:02.105250,0,1500,1318.5095949178328,43.0224,27.063226800935695,0.04510076035076034,0.30852463226945714
2026-08-27T05:24:21.615565,1,1500,1313.7668408590414,42.3072,25.822351661013883,0.029994047619047618,0.3183339220720231
2026-08-27T05:26:02.457593,0,1500,1309.4909103171608,41.104,26.222181080894405,0.052925296925296926,0.31177548710481384
2026-08-27T05:26:23.157794,1,1500,1307.2918349069464,41.995200000000004,28.505660549450553,0.04320033561210032,0.3101637076244759
2026-08-27T05:28:04.869482,0,1500,1309.5995302280553,40.283199999999994,26.343538107530325,0.03750223632576574,0.31838120311028417
2026-08-27T05:28:24.196616,1,1500,1308.097834690506,44.68160000000001,27.38417790257068,0.06023784548784549,0.3302639207230499
2026-08-27T05:30:05.330260,0,1500,1307.738740184852,43.9504,22.95895339606895,0.04222240667828903,0.32781428171509497
2026-08-27T05:30:25.329754,1,1500,1313.9252905567157,42.9968,27.559749664368557,0.04501557592734064,0.3098677021142059
2026-08-27T05:32:08.848972,0,1500,1311.7597092331007,41.4816,26.339040391871507,0.04715133477633478,0.3120074909418159
2026-08-27T05:32:28.354204,1,1500,1313.5345276552412,39.331199999999995,23.788466204906204,0.03340967365967366,0.2981653357028558
2026-08-27T05:34:09.303124,0,1500,1310.2873859931767,42.332800000000006,25.970635339722,0.04178726828726829,0.3241731406769795
2026-08-27T05:34:28.786413,1,1500,1311.7061442340848,40.452799999999996,28.968708506082393,0.06592784992784992,0.3174118832612433
2026-08-27T05:36:11.019256,0,1500,1307.6293741889688,40.995200000000004,28.209054477210035,0.04232395382395381,0.31020115625903366
2026-08-27T05:36:31.655585,1,1500,1311.0560088892134,39.05120000000001,26.673731971608646,0.055090659340659334,0.3001755223492928
2026-08-27T05:38:14.591349,0,1500,1304.0261469453649,40.6064,26.583096448695336,0.04751531801531801,0.30981345243381075
2026-08-27T05:38:34.006261,1,1500,1315.080483240445,41.943999999999996,25.98541540309848,0.036660367410367406,0.3134160348546812
2026-08-27T05:41:58.978985,0,1500,1313.0294215110732,39.424,25.75010952611175,0.03547619047619048,0.29637178195144726
2026-08-27T05:42:19.420241,1,1500,1301.6911355203536,40.3008,29.629844651130767,0.040200577200577195,0.30677728281193184
2026-08-27T05:44:02.356096,0,1500,1312.7713462722825,39.788799999999995,26.545471786896236,0.04342955655455656,0.303096571917198
2026-08-27T05:44:21.424119,1,1500,1309.665617759782,41.001599999999996,28.648210485851596,0.06082323232323232,0.307296790769163
